frame_count,send_time
0,1746786696.3169353
3000,1746786696.3663523
6000,1746786696.392531
9000,1746786696.4221253
12000,1746786696.4558942
15000,1746786696.4875338
18000,1746786696.518721
21000,1746786696.5503607
24000,1746786696.6006248
27000,1746786696.6319656
30000,1746786696.6631298
33000,1746786696.6981304
36000,1746786696.7276723
39000,1746786696.7586641
42000,1746786696.7909992
45000,1746786696.8227737
48000,1746786696.8397362
51000,1746786696.8722267
54000,1746786696.902151
57000,1746786696.968045
60000,1746786697.0010507
63000,1746786697.0790923
66000,1746786697.1091135
69000,1746786697.1302373
72000,1746786697.1482322
75000,1746786697.1692352
78000,1746786697.1862366
81000,1746786697.2132483
84000,1746786697.2474968
87000,1746786697.2766504
90000,1746786697.3066835
93000,1746786697.3402622
96000,1746786697.381519
99000,1746786697.414515
102000,1746786697.4452662
105000,1746786697.4780514
108000,1746786697.509363
111000,1746786697.5405457
114000,1746786697.5745454
117000,1746786697.6082969
120000,1746786697.6572044
123000,1746786697.6882043
126000,1746786697.7166626
129000,1746786697.7485032
132000,1746786697.7816005
135000,1746786697.8156722
138000,1746786697.84445
141000,1746786697.8924475
144000,1746786697.9263127
147000,1746786697.9574764
150000,1746786697.9884782
153000,1746786698.0230703
156000,1746786698.0517333
159000,1746786698.0844598
162000,1746786698.1178792
165000,1746786698.164666
168000,1746786698.197324
171000,1746786698.22912
174000,1746786698.2601185
177000,1746786698.2923238
180000,1746786698.3253546
183000,1746786698.3563118
186000,1746786698.3933132
189000,1746786698.4093208
192000,1746786698.4375057
195000,1746786698.4679015
198000,1746786698.5324347
201000,1746786698.5664299
204000,1746786698.5984893
207000,1746786698.6310427
210000,1746786698.6450343
213000,1746786698.6770391
216000,1746786698.707052
219000,1746786698.7402258
222000,1746786698.7722304
225000,1746786698.8052282
228000,1746786698.8367708
231000,1746786698.8687763
234000,1746786698.9011872
237000,1746786698.9513261
240000,1746786698.9820926
243000,1746786699.0083046
246000,1746786699.042074
249000,1746786699.0733037
252000,1746786699.104029
255000,1746786699.1385148
258000,1746786699.1683617
261000,1746786699.2179003
264000,1746786699.2490249
267000,1746786699.2804286
270000,1746786699.3114145
273000,1746786699.3507123
276000,1746786699.382838
279000,1746786699.4143202
282000,1746786699.4596047
285000,1746786699.4904277
288000,1746786699.5236495
291000,1746786699.554743
294000,1746786699.5856888
297000,1746786699.6186497
300000,1746786699.6504107
303000,1746786699.6855037
306000,1746786699.731029
309000,1746786699.7630844
312000,1746786699.798081
315000,1746786699.8266232
318000,1746786699.858633
321000,1746786699.8914533
324000,1746786699.9245522
327000,1746786699.9567487
330000,1746786699.9747508
333000,1746786700.0032423
336000,1746786700.0346513
339000,1746786700.0654027
342000,1746786700.0991187
345000,1746786700.1647623
348000,1746786700.1955836
351000,1746786700.2155766
354000,1746786700.2406435
357000,1746786700.2736568
360000,1746786700.3039234
363000,1746786700.3376734
366000,1746786700.3670423
369000,1746786700.3987863
372000,1746786700.4311368
375000,1746786700.4640448
378000,1746786700.5132868
381000,1746786700.5444179
384000,1746786700.57501
387000,1746786700.6070259
390000,1746786700.6383338
393000,1746786700.6723478
396000,1746786700.7037933
399000,1746786700.735929
402000,1746786700.7828176
405000,1746786700.8150938
408000,1746786700.8483894
411000,1746786700.8798232
414000,1746786700.9145868
417000,1746786700.9476116
420000,1746786700.9767761
423000,1746786701.0243034
426000,1746786701.0546544
429000,1746786701.0896626
432000,1746786701.1216612
435000,1746786701.1517634
438000,1746786701.1827686
441000,1746786701.216296
444000,1746786701.2488906
447000,1746786701.2619052
450000,1746786701.3278959
453000,1746786701.3599539
456000,1746786701.3924775
459000,1746786701.4254909
462000,1746786701.4584756
465000,1746786701.489777
468000,1746786701.5072775
471000,1746786701.521492
474000,1746786701.5690057
477000,1746786701.5992951
480000,1746786701.6358078
483000,1746786701.666914
486000,1746786701.6999223
489000,1746786701.7714367
492000,1746786701.8004367
495000,1746786701.8175364
498000,1746786701.8419054
501000,1746786701.881825
504000,1746786701.9328325
507000,1746786701.946404
510000,1746786701.9685957
513000,1746786702.00064
516000,1746786702.0335374
519000,1746786702.0914176
522000,1746786702.12141
525000,1746786702.1456125
528000,1746786702.1750407
531000,1746786702.208556
534000,1746786702.2395709
537000,1746786702.272304
540000,1746786702.3053498
543000,1746786702.3551936
546000,1746786702.3844283
549000,1746786702.4153516
552000,1746786702.4482195
555000,1746786702.4803874
558000,1746786702.5107937
561000,1746786702.5438251
564000,1746786702.604539
567000,1746786702.6480849
570000,1746786702.6700847
573000,1746786702.6870775
576000,1746786702.7256021
579000,1746786702.7516625
582000,1746786702.7833056
585000,1746786702.8205483
588000,1746786702.839618
591000,1746786702.8695643
594000,1746786702.8990605
597000,1746786702.9643204
600000,1746786702.9956796
603000,1746786703.0287607
606000,1746786703.0592847
609000,1746786703.0782812
612000,1746786703.1086392
615000,1746786703.141106
618000,1746786703.1728778
621000,1746786703.2049606
624000,1746786703.2381256
627000,1746786703.269987
630000,1746786703.3012576
633000,1746786703.3324409
636000,1746786703.3817873
639000,1746786703.413148
642000,1746786703.4442103
645000,1746786703.4779584
648000,1746786703.5091991
651000,1746786703.5419583
654000,1746786703.5765347
657000,1746786703.5997405
660000,1746786703.6488483
663000,1746786703.678934
666000,1746786703.7128701
669000,1746786703.7429042
672000,1746786703.7754977
675000,1746786703.8084924
678000,1746786703.8404968
681000,1746786703.8870153
684000,1746786703.9190123
687000,1746786703.9512844
690000,1746786703.9842832
693000,1746786704.0162935
696000,1746786704.0488486
699000,1746786704.0788589
702000,1746786704.1122713
705000,1746786704.1599169
708000,1746786704.2001786
711000,1746786704.2340732
714000,1746786704.2547638
717000,1746786704.2855277
720000,1746786704.318762
723000,1746786704.3507428
726000,1746786704.384683
729000,1746786704.3978112
732000,1746786704.4324613
735000,1746786704.4642532
738000,1746786704.5079365
741000,1746786704.5713403
744000,1746786704.5993397
747000,1746786704.6307075
750000,1746786704.6512809
753000,1746786704.6713436
756000,1746786704.7029712
759000,1746786704.7370017
762000,1746786704.769112
765000,1746786704.7993495
768000,1746786704.8326867
771000,1746786704.8632164
774000,1746786704.8935277
777000,1746786704.9442906
780000,1746786704.9762423
783000,1746786705.0059347
786000,1746786705.0406928
789000,1746786705.0722997
792000,1746786705.1045115
795000,1746786705.1364117
798000,1746786705.1683862
801000,1746786705.2165089
804000,1746786705.248981
807000,1746786705.2805524
810000,1746786705.312468
813000,1746786705.3437839
816000,1746786705.3782084
819000,1746786705.408478
822000,1746786705.4574645
825000,1746786705.5004754
828000,1746786705.525854
831000,1746786705.5580246
834000,1746786705.5899653
837000,1746786705.6216087
840000,1746786705.6582782
843000,1746786705.6862643
846000,1746786705.7084136
849000,1746786705.7741559
852000,1746786705.8000846
855000,1746786705.8284454
858000,1746786705.8675108
861000,1746786705.8994842
864000,1746786705.922897
867000,1746786705.951398
870000,1746786705.9636526
873000,1746786705.9993637
876000,1746786706.0311906
879000,1746786706.0628994
882000,1746786706.0962942
885000,1746786706.159841
888000,1746786706.1916018
891000,1746786706.2056303
894000,1746786706.2402978
897000,1746786706.2724187
900000,1746786706.3043983
903000,1746786706.3363502
906000,1746786706.3686802
909000,1746786706.398988
912000,1746786706.4319942
915000,1746786706.4625864
918000,1746786706.512586
921000,1746786706.544606
924000,1746786706.576215
927000,1746786706.6092083
930000,1746786706.6392088
933000,1746786706.672736
936000,1746786706.705783
939000,1746786706.73427
942000,1746786706.7834399
945000,1746786706.816127
948000,1746786706.8472881
951000,1746786706.879269
954000,1746786706.9116032
957000,1746786706.9443898
960000,1746786706.9777865
963000,1746786707.0257192
966000,1746786707.056361
969000,1746786707.0872266
972000,1746786707.1203594
975000,1746786707.1539366
978000,1746786707.1855094
981000,1746786707.2177236
984000,1746786707.2483008
987000,1746786707.262047
990000,1746786707.2964659
993000,1746786707.360005
996000,1746786707.3913774
999000,1746786707.4247496
1002000,1746786707.4562638
1005000,1746786707.489288
1008000,1746786707.5212748
1011000,1746786707.535402
1014000,1746786707.5684688
1017000,1746786707.5994024
1020000,1746786707.6304808
1023000,1746786707.663777
1026000,1746786707.6962817
1029000,1746786707.7607381
1032000,1746786707.7919903
1035000,1746786707.8242052
1038000,1746786707.835351
1041000,1746786707.8553193
1044000,1746786707.9147046
1047000,1746786707.951791
1050000,1746786707.9719224
1053000,1746786708.0046263
1056000,1746786708.036078
1059000,1746786708.0688472
1062000,1746786708.1005528
1065000,1746786708.1613982
1068000,1746786708.1913612
1071000,1746786708.2233284
1074000,1746786708.2571187
1077000,1746786708.2727323
1080000,1746786708.2900484
1083000,1746786708.336449
1086000,1746786708.3685124
1089000,1746786708.3996804
1092000,1746786708.4330308
1095000,1746786708.4650812
1098000,1746786708.4963608
1101000,1746786708.560235
1104000,1746786708.6083927
1107000,1746786708.6355534
1110000,1746786708.6651695
1113000,1746786708.6951704
1116000,1746786708.7261724
1119000,1746786708.746165
1122000,1746786708.7723758
1125000,1746786708.8057432
1128000,1746786708.8547792
1131000,1746786708.8853407
1134000,1746786708.9123433
1137000,1746786708.942344
1140000,1746786708.9748697
1143000,1746786709.0068705
1146000,1746786709.0388677
1149000,1746786709.08745
1152000,1746786709.1214006
1155000,1746786709.1524053
1158000,1746786709.182911
1161000,1746786709.2149134
1164000,1746786709.2469096
1167000,1746786709.280507
1170000,1746786709.3125043
1173000,1746786709.3608296
1176000,1746786709.3927705
1179000,1746786709.4220452
1182000,1746786709.4557502
1185000,1746786709.4886475
1188000,1746786709.5200887
1191000,1746786709.5585198
1194000,1746786709.5925386
1197000,1746786709.6155207
1200000,1746786709.638182
1203000,1746786709.6707323
1206000,1746786709.701897
1209000,1746786709.7602985
1212000,1746786709.7916267
1215000,1746786709.8231578
1218000,1746786709.8381584
1221000,1746786709.8718917
1224000,1746786709.9057765
1227000,1746786709.9372637
1230000,1746786709.9681523
1233000,1746786710.000511
1236000,1746786710.0339553
1239000,1746786710.0633686
1242000,1746786710.095381
1245000,1746786710.1453068
1248000,1746786710.1765575
1251000,1746786710.2095602
1254000,1746786710.241763
1257000,1746786710.272945
1260000,1746786710.3043764
1263000,1746786710.3358867
1266000,1746786710.3679607
1269000,1746786710.4163513
1272000,1746786710.4473677
1275000,1746786710.4816558
1278000,1746786710.515654
1281000,1746786710.5457344
1284000,1746786710.5777538
1287000,1746786710.6103804
1290000,1746786710.6574244
1293000,1746786710.687305
1296000,1746786710.7193587
1299000,1746786710.7519774
1302000,1746786710.784208
1305000,1746786710.8152976
1308000,1746786710.8483665
1311000,1746786710.8814323
1314000,1746786710.9304237
1317000,1746786710.9695559
1320000,1746786711.0001788
1323000,1746786711.029443
1326000,1746786711.0568736
1329000,1746786711.0882454
1332000,1746786711.1191776
1335000,1746786711.1513774
1338000,1746786711.1635528
1341000,1746786711.199468
1344000,1746786711.231292
1347000,1746786711.265148
1350000,1746786711.2976139
1353000,1746786711.3606222
1356000,1746786711.3924863
1359000,1746786711.4075882
1362000,1746786711.4394815
1365000,1746786711.4746673
1368000,1746786711.5044425
1371000,1746786711.5385644
1374000,1746786711.5686824
1377000,1746786711.6005445
1380000,1746786711.6325755
1383000,1746786711.664582
1386000,1746786711.7110922
1389000,1746786711.743092
1392000,1746786711.7756128
1395000,1746786711.808609
1398000,1746786711.8406074
1401000,1746786711.8731246
1404000,1746786711.9041266
1407000,1746786711.935645
1410000,1746786711.983742
1413000,1746786712.014895
1416000,1746786712.0487578
1419000,1746786712.0895214
1422000,1746786712.1136513
1425000,1746786712.1462886
1428000,1746786712.1788688
1431000,1746786712.2335505
1434000,1746786712.2666464
1437000,1746786712.2973073
1440000,1746786712.3293042
1443000,1746786712.3555915
1446000,1746786712.3880033
1449000,1746786712.4193106
1452000,1746786712.4519358
1455000,1746786712.4715004
1458000,1746786712.5324516
1461000,1746786712.5640342
1464000,1746786712.5962672
1467000,1746786712.6284835
1470000,1746786712.658842
1473000,1746786712.6910934
1476000,1746786712.7238598
1479000,1746786712.7420013
1482000,1746786712.7713878
1485000,1746786712.7992454
1488000,1746786712.8346581
1491000,1746786712.8681707
1494000,1746786712.9016087
1497000,1746786712.9649808
1500000,1746786712.9825792
1503000,1746786713.0118587
1506000,1746786713.0449033
1509000,1746786713.077239
1512000,1746786713.1088228
1515000,1746786713.1421869
1518000,1746786713.1715822
1521000,1746786713.203999
1524000,1746786713.2392793
1527000,1746786713.2834582
1530000,1746786713.3114884
1533000,1746786713.3454523
1536000,1746786713.3757465
1539000,1746786713.4067016
1542000,1746786713.4381585
1545000,1746786713.474471
1548000,1746786713.5042925
1551000,1746786713.535634
1554000,1746786713.5711253
1557000,1746786713.6153915
1560000,1746786713.6493402
1563000,1746786713.679919
1566000,1746786713.7113533
1569000,1746786713.7454653
1572000,1746786713.7759368
1575000,1746786713.8082411
1578000,1746786713.8392599
1581000,1746786713.8695114
1584000,1746786713.9043784
1587000,1746786713.9357154
1590000,1746786713.9689996
1593000,1746786714.0003552
1596000,1746786714.047735
1599000,1746786714.0822456
1602000,1746786714.1132436
1605000,1746786714.1432736
1608000,1746786714.176544
1611000,1746786714.2072737
1614000,1746786714.2393095
1617000,1746786714.270316
1620000,1746786714.302824
1623000,1746786714.3348255
1626000,1746786714.3668282
1629000,1746786714.4003372
1632000,1746786714.4323387
1635000,1746786714.4798527
1638000,1746786714.510854
1641000,1746786714.5428576
1644000,1746786714.5776567
1647000,1746786714.609116
1650000,1746786714.6383946
1653000,1746786714.6717472
1656000,1746786714.7079558
1659000,1746786714.7418623
1662000,1746786714.775724
1665000,1746786714.8017216
1668000,1746786714.8384125
1671000,1746786714.866903
1674000,1746786714.9136677
1677000,1746786714.9443634
1680000,1746786714.9795532
1683000,1746786715.007201
1686000,1746786715.0462365
1689000,1746786715.0767663
1692000,1746786715.1088624
1695000,1746786715.1452584
1698000,1746786715.178107
1701000,1746786715.2121277
1704000,1746786715.2344215
1707000,1746786715.2658982
1710000,1746786715.2996566
1713000,1746786715.3481188
1716000,1746786715.3751247
1719000,1746786715.4050624
1722000,1746786715.4392715
1725000,1746786715.4714215
1728000,1746786715.5043516
1731000,1746786715.5360265
1734000,1746786715.567464
1737000,1746786715.5995133
1740000,1746786715.631112
1743000,1746786715.6659932
1746000,1746786715.6952016
1749000,1746786715.7279136
1752000,1746786715.7767103
1755000,1746786715.8075767
1758000,1746786715.840573
1761000,1746786715.8713036
1764000,1746786715.904464
1767000,1746786715.9364827
1770000,1746786715.9688957
1773000,1746786716.0003521
1776000,1746786716.0313811
1779000,1746786716.0643258
1782000,1746786716.096289
1785000,1746786716.1277196
1788000,1746786716.160359
1791000,1746786716.2080078
1794000,1746786716.240924
1797000,1746786716.2723694
1800000,1746786716.3052735
1803000,1746786716.3351476
1806000,1746786716.367466
1809000,1746786716.3992727
1812000,1746786716.4325101
1815000,1746786716.4650884
1818000,1746786716.4966373
1821000,1746786716.5598238
1824000,1746786716.5926511
1827000,1746786716.6057892
1830000,1746786716.6392145
1833000,1746786716.6725206
1836000,1746786716.7008865
1839000,1746786716.736121
1842000,1746786716.7669408
1845000,1746786716.7988224
1848000,1746786716.831078
1851000,1746786716.8630779
1854000,1746786716.9265993
1857000,1746786716.9576
1860000,1746786716.9921765
1863000,1746786717.0031805
1866000,1746786717.0231786
1869000,1746786717.0701783
1872000,1746786717.103695
1875000,1746786717.135621
1878000,1746786717.167746
1881000,1746786717.1994104
1884000,1746786717.2320995
1887000,1746786717.2631247
1890000,1746786717.2951672
1893000,1746786717.3658729
1896000,1746786717.3984895
1899000,1746786717.4299245
1902000,1746786717.4509315
1905000,1746786717.4719203
1908000,1746786717.5095282
1911000,1746786717.5429845
1914000,1746786717.5743532
1917000,1746786717.6024134
1920000,1746786717.6345553
1923000,1746786717.6671758
1926000,1746786717.7285092
1929000,1746786717.761365
1932000,1746786717.7928042
1935000,1746786717.824374
1938000,1746786717.8576899
1941000,1746786717.8727481
1944000,1746786717.8913345
1947000,1746786717.9373233
1950000,1746786717.9704795
1953000,1746786718.001797
1956000,1746786718.0342147
1959000,1746786718.06547
1962000,1746786718.128332
1965000,1746786718.1610606
1968000,1746786718.1948457
1971000,1746786718.2244864
1974000,1746786718.2583714
1977000,1746786718.2884269
1980000,1746786718.3049433
1983000,1746786718.3212366
1986000,1746786718.36835
1989000,1746786718.4000695
1992000,1746786718.4324274
1995000,1746786718.4641407
1998000,1746786718.5383744
2001000,1746786718.5733724
2004000,1746786718.5981417
2007000,1746786718.624371
2010000,1746786718.6570015
2013000,1746786718.6872895
2016000,1746786718.7204587
2019000,1746786718.7345998
2022000,1746786718.7536104
2025000,1746786718.8014877
2028000,1746786718.83339
2031000,1746786718.864575
2034000,1746786718.8987823
2037000,1746786718.9633298
2040000,1746786718.9931307
2043000,1746786719.0263438
2046000,1746786719.057776
2049000,1746786719.0894535
2052000,1746786719.118946
2055000,1746786719.1536233
2058000,1746786719.165768
2061000,1746786719.1994462
2064000,1746786719.2328498
2067000,1746786719.2650535
2070000,1746786719.2966506
2073000,1746786719.341722
2076000,1746786719.373773
2079000,1746786719.4070017
2082000,1746786719.4389653
2085000,1746786719.4719622
2088000,1746786719.5015917
2091000,1746786719.5365927
2094000,1746786719.5685916
2097000,1746786719.6152344
2100000,1746786719.6472208
2103000,1746786719.679227
2106000,1746786719.710788
2109000,1746786719.742791
2112000,1746786719.7767894
2115000,1746786719.8103192
2118000,1746786719.8398044
2121000,1746786719.8874857
2124000,1746786719.9203365
2127000,1746786719.9508777
2130000,1746786719.9820008
2133000,1746786720.0184963
2136000,1746786720.052855
2139000,1746786720.0830321
2142000,1746786720.1325834
2145000,1746786720.1656818
2148000,1746786720.1902816
2151000,1746786720.2256274
2154000,1746786720.2599127
2157000,1746786720.2910032
2160000,1746786720.3237333
2163000,1746786720.3618727
2166000,1746786720.3950312
2169000,1746786720.4266853
2172000,1746786720.4506745
2175000,1746786720.4926991
2178000,1746786720.527525
2181000,1746786720.5581772
2184000,1746786720.5930307
2187000,1746786720.6234326
2190000,1746786720.6567953
2193000,1746786720.687349
2196000,1746786720.7206364
2199000,1746786720.7519433
2202000,1746786720.7832975
2205000,1746786720.816457
2208000,1746786720.8487246
2211000,1746786720.8637247
2214000,1746786720.9404728
2217000,1746786720.9684112
2220000,1746786720.9974325
2223000,1746786721.0289376
2226000,1746786721.0614731
2229000,1746786721.093315
2232000,1746786721.1262789
2235000,1746786721.1804893
2238000,1746786721.2173462
2241000,1746786721.2314959
2244000,1746786721.2414901
2247000,1746786721.2607381
2250000,1746786721.3396778
2253000,1746786721.3676724
2256000,1746786721.3866742
2259000,1746786721.4042058
2262000,1746786721.4446025
2265000,1746786721.47623
2268000,1746786721.5081909
2271000,1746786721.5461724
2274000,1746786721.5762746
2277000,1746786721.6020386
2280000,1746786721.63696
2283000,1746786721.6849318
2286000,1746786721.7163339
2289000,1746786721.7492228
2292000,1746786721.7864873
2295000,1746786721.82003
2298000,1746786721.841905
2301000,1746786721.8765256
2304000,1746786721.908003
2307000,1746786721.9554904
2310000,1746786721.9905472
2313000,1746786722.015127
2316000,1746786722.048495
2319000,1746786722.0790837
2322000,1746786722.1097362
2325000,1746786722.142695
2328000,1746786722.1746964
2331000,1746786722.2262857
2334000,1746786722.2552853
2337000,1746786722.2872882
2340000,1746786722.3189461
2343000,1746786722.350946
2346000,1746786722.3829463
2349000,1746786722.4174945
2352000,1746786722.4430382
2355000,1746786722.464427
2358000,1746786722.526441
2361000,1746786722.5680037
2364000,1746786722.5966754
2367000,1746786722.6294284
2370000,1746786722.661772
2373000,1746786722.693057
2376000,1746786722.711696
2379000,1746786722.7352116
2382000,1746786722.7691755
2385000,1746786722.8015902
2388000,1746786722.8350072
2391000,1746786722.863606
2394000,1746786722.92949
2397000,1746786722.9474924
2400000,1746786722.9752676
2403000,1746786723.0093577
2406000,1746786723.0393178
2409000,1746786723.0726266
2412000,1746786723.1046374
2415000,1746786723.136424
2418000,1746786723.1684198
2421000,1746786723.2004044
2424000,1746786723.2482827
2427000,1746786723.2790864
2430000,1746786723.3130298
2433000,1746786723.3449543
2436000,1746786723.3751795
2439000,1746786723.4073575
2442000,1746786723.439321
2445000,1746786723.4715853
2448000,1746786723.5206332
2451000,1746786723.552615
2454000,1746786723.5845068
2457000,1746786723.6172538
2460000,1746786723.647609
2463000,1746786723.678098
2466000,1746786723.711021
2469000,1746786723.7605357
2472000,1746786723.7933266
2475000,1746786723.8250408
2478000,1746786723.856476
2481000,1746786723.8890953
2484000,1746786723.9199684
2487000,1746786723.9525912
2490000,1746786723.9835305
2493000,1746786723.9955308
2496000,1746786724.0315926
2499000,1746786724.0642157
2502000,1746786724.097359
2505000,1746786724.1622272
2508000,1746786724.1921573
2511000,1746786724.2249696
2514000,1746786724.2565014
2517000,1746786724.2686245
2520000,1746786724.3029613
2523000,1746786724.3352578
2526000,1746786724.3697684
2529000,1746786724.400137
2532000,1746786724.4325926
2535000,1746786724.46338
2538000,1746786724.4967391
2541000,1746786724.5433302
2544000,1746786724.5763013
2547000,1746786724.606826
2550000,1746786724.639072
2553000,1746786724.6728027
2556000,1746786724.702974
2559000,1746786724.735493
2562000,1746786724.7675064
2565000,1746786724.8145342
2568000,1746786724.8471227
2571000,1746786724.8791206
2574000,1746786724.9121788
2577000,1746786724.941769
2580000,1746786724.9747717
2583000,1746786725.0101597
2586000,1746786725.0396845
2589000,1746786725.08734
2592000,1746786725.118823
2595000,1746786725.1517806
2598000,1746786725.183842
2601000,1746786725.2153091
2604000,1746786725.2565563
2607000,1746786725.285906
2610000,1746786725.30392
2613000,1746786725.3656652
2616000,1746786725.393969
2619000,1746786725.4251263
2622000,1746786725.4568887
2625000,1746786725.4883094
2628000,1746786725.5200899
2631000,1746786725.5514882
2634000,1746786725.564488
2637000,1746786725.6003118
2640000,1746786725.6334877
2643000,1746786725.665952
2646000,1746786725.726234
2649000,1746786725.7591863
2652000,1746786725.791163
2655000,1746786725.8242102
2658000,1746786725.8412108
2661000,1746786725.8732023
2664000,1746786725.9038908
2667000,1746786725.9350586
2670000,1746786725.9689522
2673000,1746786725.9992764
2676000,1746786726.0379565
2679000,1746786726.0697272
2682000,1746786726.1169295
2685000,1746786726.150389
2688000,1746786726.1794207
2691000,1746786726.2111554
2694000,1746786726.2419667
2697000,1746786726.2738569
2700000,1746786726.3041697
2703000,1746786726.3367362
2706000,1746786726.393675
2709000,1746786726.4221992
2712000,1746786726.4495337
2715000,1746786726.4782264
2718000,1746786726.5125723
2721000,1746786726.5430288
2724000,1746786726.5743759
2727000,1746786726.6083624
2730000,1746786726.6561604
2733000,1746786726.688284
2736000,1746786726.7227573
2739000,1746786726.7542005
2742000,1746786726.7855868
2745000,1746786726.8166428
2748000,1746786726.8459866
2751000,1746786726.8569856
2754000,1746786726.9360607
2757000,1746786726.9701567
2760000,1746786727.001502
2763000,1746786727.036119
2766000,1746786727.065121
2769000,1746786727.0953233
2772000,1746786727.1236923
2775000,1746786727.1432638
2778000,1746786727.1672604
2781000,1746786727.1992912
2784000,1746786727.2316477
2787000,1746786727.2626343
2790000,1746786727.325671
2793000,1746786727.3587823
2796000,1746786727.3907826
2799000,1746786727.4048247
2802000,1746786727.440317
2805000,1746786727.472321
2808000,1746786727.5033228
2811000,1746786727.5339525
2814000,1746786727.5669537
2817000,1746786727.6019595
2820000,1746786727.6335359
2823000,1746786727.6790226
2826000,1746786727.7113905
2829000,1746786727.7422638
2832000,1746786727.7751274
2835000,1746786727.808737
2838000,1746786727.8470738
2841000,1746786727.8786392
2844000,1746786727.903489
2847000,1746786727.9500985
2850000,1746786727.9845223
2853000,1746786728.0170324
2856000,1746786728.0484304
2859000,1746786728.0805488
2862000,1746786728.1127713
2865000,1746786728.1453238
2868000,1746786728.1767232
2871000,1746786728.2257748
2874000,1746786728.2539694
2877000,1746786728.2858675
2880000,1746786728.3203924
2883000,1746786728.3509114
2886000,1746786728.3850272
2889000,1746786728.4141877
2892000,1746786728.4296436
2895000,1746786728.463914
2898000,1746786728.5289474
2901000,1746786728.5601633
2904000,1746786728.5912278
2907000,1746786728.6232529
2910000,1746786728.6563401
2913000,1746786728.6891518
2916000,1746786728.70515
2919000,1746786728.7345994
2922000,1746786728.7690027
2925000,1746786728.8009455
2928000,1746786728.8327012
2931000,1746786728.866017
2934000,1746786728.927406
2937000,1746786728.960196
2940000,1746786728.975284
2943000,1746786729.009823
2946000,1746786729.0410552
2949000,1746786729.072502
2952000,1746786729.1045034
2955000,1746786729.1356049
2958000,1746786729.1699278
2961000,1746786729.2003217
2964000,1746786729.2475786
2967000,1746786729.2794392
2970000,1746786729.3123841
2973000,1746786729.3437936
2976000,1746786729.3763564
2979000,1746786729.4102144
2982000,1746786729.4411092
2985000,1746786729.4713986
2988000,1746786729.5219185
2991000,1746786729.552429
2994000,1746786729.5841103
2997000,1746786729.617034
3000000,1746786729.6477513
3003000,1746786729.6801555
3006000,1746786729.711394
3009000,1746786729.7438457
3012000,1746786729.7937655
3015000,1746786729.823072
3018000,1746786729.8565197
3021000,1746786729.888585
3024000,1746786729.920709
3027000,1746786729.9497519
3030000,1746786729.9827514
3033000,1746786729.9977615
3036000,1746786730.0308008
3039000,1746786730.0643868
3042000,1746786730.1260548
3045000,1746786730.1606123
3048000,1746786730.1896126
3051000,1746786730.2246256
3054000,1746786730.2570384
3057000,1746786730.2676368
3060000,1746786730.3012974
3063000,1746786730.3339126
3066000,1746786730.368228
3069000,1746786730.3992052
3072000,1746786730.43147
3075000,1746786730.4637065
3078000,1746786730.4956093
3081000,1746786730.5286036
3084000,1746786730.5761595
3087000,1746786730.6103323
3090000,1746786730.6411786
3093000,1746786730.6711068
3096000,1746786730.706381
3099000,1746786730.7376971
3102000,1746786730.7671728
3105000,1746786730.8170385
3108000,1746786730.8501573
3111000,1746786730.8823464
3114000,1746786730.913099
3117000,1746786730.9444633
3120000,1746786730.9754932
3123000,1746786731.008245
3126000,1746786731.037331
3129000,1746786731.0902193
3132000,1746786731.1245785
3135000,1746786731.1577885
3138000,1746786731.1887383
3141000,1746786731.2195446
3144000,1746786731.2511783
3147000,1746786731.284181
3150000,1746786731.3031847
3153000,1746786731.3605433
3156000,1746786731.3930175
3159000,1746786731.4251914
3162000,1746786731.4556293
3165000,1746786731.4891362
3168000,1746786731.5194106
3171000,1746786731.5528314
3174000,1746786731.5648289
3177000,1746786731.5991552
3180000,1746786731.6321507
3183000,1746786731.6633732
3186000,1746786731.7328873
3189000,1746786731.7686088
3192000,1746786731.797604
3195000,1746786731.8286076
3198000,1746786731.8502235
3201000,1746786731.8782508
3204000,1746786731.9102352
3207000,1746786731.942299
3210000,1746786731.9758325
3213000,1746786732.0062823
3216000,1746786732.0374382
3219000,1746786732.0694354
3222000,1746786732.113583
3225000,1746786732.1451547
3228000,1746786732.176559
3231000,1746786732.2072797
3234000,1746786732.2428198
3237000,1746786732.2725394
3240000,1746786732.3042703
3243000,1746786732.3363922
3246000,1746786732.383289
3249000,1746786732.4157956
3252000,1746786732.4482856
3255000,1746786732.4808056
3258000,1746786732.5121806
3261000,1746786732.5441868
3264000,1746786732.5737126
3267000,1746786732.6057134
3270000,1746786732.6533527
3273000,1746786732.6873562
3276000,1746786732.7213483
3279000,1746786732.7539902
3282000,1746786732.7877803
3285000,1746786732.8166015
3288000,1746786732.8485792
3291000,1746786732.8591979
3294000,1746786732.9276054
3297000,1746786732.9604335
3300000,1746786732.9921553
3303000,1746786733.023134
3306000,1746786733.0644555
3309000,1746786733.0955632
3312000,1746786733.1226912
3315000,1746786733.138702
3318000,1746786733.1773493
3321000,1746786733.2115595
3324000,1746786733.238811
3327000,1746786733.2671952
3330000,1746786733.3308961
3333000,1746786733.3634958
3336000,1746786733.3967183
3339000,1746786733.4187186
3342000,1746786733.439233
3345000,1746786733.4725213
3348000,1746786733.5048165
3351000,1746786733.5378094
3354000,1746786733.5681796
3357000,1746786733.6019034
3360000,1746786733.6335213
3363000,1746786733.6825142
3366000,1746786733.711296
3369000,1746786733.7445986
3372000,1746786733.7771385
3375000,1746786733.8083732
3378000,1746786733.839576
3381000,1746786733.8709855
3384000,1746786733.9032655
3387000,1746786733.9514039
3390000,1746786733.9830427
3393000,1746786734.0152094
3396000,1746786734.0471408
3399000,1746786734.0794683
3402000,1746786734.1111336
3405000,1746786734.1429942
3408000,1746786734.1756277
3411000,1746786734.226289
3414000,1746786734.256855
3417000,1746786734.287213
3420000,1746786734.3212998
3423000,1746786734.35219
3426000,1746786734.385337
3429000,1746786734.417353
3432000,1746786734.4333508
3435000,1746786734.463837
3438000,1746786734.5329533
3441000,1746786734.562339
3444000,1746786734.5937335
3447000,1746786734.62825
3450000,1746786734.6602178
3453000,1746786734.6925204
3456000,1746786734.712591
3459000,1746786734.7417905
3462000,1746786734.7711635
3465000,1746786734.8045852
3468000,1746786734.8332567
3471000,1746786734.864324
3474000,1746786734.8952196
3477000,1746786734.9716687
3480000,1746786735.0096877
3483000,1746786735.021655
3486000,1746786735.0406535
3489000,1746786735.070747
3492000,1746786735.1027312
3495000,1746786735.1347306
3498000,1746786735.1652672
3501000,1746786735.2002695
3504000,1746786735.246272
3507000,1746786735.2788162
3510000,1746786735.3118165
3513000,1746786735.341817
3516000,1746786735.376436
3519000,1746786735.4084384
3522000,1746786735.440162
3525000,1746786735.470226
3528000,1746786735.5173318
3531000,1746786735.5517728
3534000,1746786735.5832827
3537000,1746786735.6167283
3540000,1746786735.6470726
3543000,1746786735.6794941
3546000,1746786735.7109723
3549000,1746786735.7441256
3552000,1746786735.7938669
3555000,1746786735.8221521
3558000,1746786735.8534486
3561000,1746786735.8864307
3564000,1746786735.9206853
3567000,1746786735.950861
3570000,1746786735.9821725
3573000,1746786735.994345
3576000,1746786736.033536
3579000,1746786736.0630543
3582000,1746786736.1291797
3585000,1746786736.162926
3588000,1746786736.1926734
3591000,1746786736.2232542
3594000,1746786736.255946
3597000,1746786736.266653
3600000,1746786736.3018692
3603000,1746786736.3384426
3606000,1746786736.3709874
3609000,1746786736.4039035
3612000,1746786736.4362254
3615000,1746786736.4682224
3618000,1746786736.4999235
3621000,1746786736.5324254
3624000,1746786736.5798416
3627000,1746786736.6119936
3630000,1746786736.6439943
3633000,1746786736.6762352
3636000,1746786736.7080936
3639000,1746786736.7390954
3642000,1746786736.7720811
3645000,1746786736.8246107
3648000,1746786736.8536222
3651000,1746786736.884183
3654000,1746786736.9228525
3657000,1746786736.9518893
3660000,1746786736.980915
3663000,1746786737.0139132
3666000,1746786737.0464551
3669000,1746786737.0921445
3672000,1746786737.122811
3675000,1746786737.1544313
3678000,1746786737.18459
3681000,1746786737.2166839
3684000,1746786737.2482681
3687000,1746786737.2829015
3690000,1746786737.3141012
3693000,1746786737.364257
3696000,1746786737.3971972
3699000,1746786737.4296176
3702000,1746786737.4622943
3705000,1746786737.4938831
3708000,1746786737.5258865
3711000,1746786737.558982
3714000,1746786737.5823195
3717000,1746786737.6023116
3720000,1746786737.6306596
3723000,1746786737.6640954
3726000,1746786737.7264585
3729000,1746786737.7604823
3732000,1746786737.791017
3735000,1746786737.8230247
3738000,1746786737.838022
3741000,1746786737.8720622
3744000,1746786737.903498
3747000,1746786737.9344893
3750000,1746786737.9685013
3753000,1746786738.0010405
3756000,1746786738.0330405
3759000,1746786738.0633826
3762000,1746786738.0956233
3765000,1746786738.1458657
3768000,1746786738.1784973
3771000,1746786738.2121716
3774000,1746786738.2388475
3777000,1746786738.2727866
3780000,1746786738.303252
3783000,1746786738.3365204
3786000,1746786738.3861747
3789000,1746786738.418412
3792000,1746786738.4484403
3795000,1746786738.4808056
3798000,1746786738.5120757
3801000,1746786738.5455396
3804000,1746786738.5778024
3807000,1746786738.6076167
3810000,1746786738.6614676
3813000,1746786738.687965
3816000,1746786738.7192092
3819000,1746786738.7527215
3822000,1746786738.7835515
3825000,1746786738.8151956
3828000,1746786738.8481963
3831000,1746786738.8705626
3834000,1746786738.9364736
3837000,1746786738.9733982
3840000,1746786738.9979415
3843000,1746786739.0245118
3846000,1746786739.055663
3849000,1746786739.0868325
3852000,1746786739.124744
3855000,1746786739.144905
3858000,1746786739.17572
3861000,1746786739.2051258
3864000,1746786739.23785
3867000,1746786739.268256
3870000,1746786739.331872
3873000,1746786739.3671408
3876000,1746786739.3989968
3879000,1746786739.4211054
3882000,1746786739.4401221
3885000,1746786739.4724174
3888000,1746786739.5056152
3891000,1746786739.5382373
3894000,1746786739.5682423
3897000,1746786739.60028
3900000,1746786739.6321776
3903000,1746786739.6659765
3906000,1746786739.7124295
3909000,1746786739.744221
3912000,1746786739.7756321
3915000,1746786739.80929
3918000,1746786739.8405023
3921000,1746786739.8732462
3924000,1746786739.904627
3927000,1746786739.9523094
3930000,1746786739.9849076
3933000,1746786740.013893
3936000,1746786740.0452416
3939000,1746786740.0822108
3942000,1746786740.113514
3945000,1746786740.1443043
3948000,1746786740.1754448
3951000,1746786740.22456
3954000,1746786740.254753
3957000,1746786740.286774
3960000,1746786740.318825
3963000,1746786740.3508265
3966000,1746786740.3823426
3969000,1746786740.4163496
3972000,1746786740.4263434
3975000,1746786740.4483407
3978000,1746786740.5258968
3981000,1746786740.5588968
3984000,1746786740.5924058
3987000,1746786740.6244252
3990000,1746786740.656416
3993000,1746786740.689114
3996000,1746786740.7008936
3999000,1746786740.7350419
4002000,1746786740.7685747
4005000,1746786740.8007221
4008000,1746786740.8328726
4011000,1746786740.8636057
4014000,1746786740.9293337
4017000,1746786740.9610534
4020000,1746786740.9741037
4023000,1746786741.0054097
4026000,1746786741.0394351
4029000,1746786741.0692496
4032000,1746786741.1018767
4035000,1746786741.1353066
4038000,1746786741.1673908
4041000,1746786741.1992695
4044000,1746786741.2475562
4047000,1746786741.2811809
4050000,1746786741.310637
4053000,1746786741.3434825
4056000,1746786741.3778956
4059000,1746786741.409249
4062000,1746786741.4380515
4065000,1746786741.4702265
4068000,1746786741.5196943
4071000,1746786741.5496347
4074000,1746786741.582645
4077000,1746786741.615481
4080000,1746786741.647183
4083000,1746786741.6796024
4086000,1746786741.7122104
4089000,1746786741.7443695
4092000,1746786741.7938247
4095000,1746786741.8228858
4098000,1746786741.8555822
4101000,1746786741.889381
4104000,1746786741.9191809
4107000,1746786741.9512403
4110000,1746786741.983337
4113000,1746786741.9973547
4116000,1746786742.031151
4119000,1746786742.064597
4122000,1746786742.1273546
4125000,1746786742.1609035
4128000,1746786742.1912503
4131000,1746786742.223675
4134000,1746786742.2549078
4137000,1746786742.2660677
4140000,1746786742.3031533
4143000,1746786742.335529
4146000,1746786742.367704
4149000,1746786742.400462
4152000,1746786742.4319246
4155000,1746786742.463875
4158000,1746786742.5363278
4161000,1746786742.5613272
4164000,1746786742.5823846
4167000,1746786742.613977
4170000,1746786742.641776
4173000,1746786742.6734047
4176000,1746786742.7061436
4179000,1746786742.7383168
4182000,1746786742.7684255
4185000,1746786742.8183541
4188000,1746786742.8500037
4191000,1746786742.8820558
4194000,1746786742.9125962
4197000,1746786742.9445875
4200000,1746786742.9749572
4203000,1746786743.0085125
4206000,1746786743.0405104
4209000,1746786743.0891385
4212000,1746786743.1191404
4215000,1746786743.1521418
4218000,1746786743.184197
4221000,1746786743.2147164
4224000,1746786743.2467148
4227000,1746786743.2807207
4230000,1746786743.311584
4233000,1746786743.3603733
4236000,1746786743.3930767
4239000,1746786743.423136
4242000,1746786743.4551432
4245000,1746786743.489167
4248000,1746786743.5188348
4251000,1746786743.551969
4254000,1746786743.56597
4257000,1746786743.5995243
4260000,1746786743.6311269
4263000,1746786743.6638913
4266000,1746786743.7301483
4269000,1746786743.7602174
4272000,1746786743.7938058
4275000,1746786743.8228781
4278000,1746786743.8320704
4281000,1746786743.8721242
4284000,1746786743.9075685
4287000,1746786743.9418707
4290000,1746786743.9723916
4293000,1746786744.0025365
4296000,1746786744.034895
4299000,1746786744.0641954
4302000,1746786744.0942583
4305000,1746786744.1456199
4308000,1746786744.1791778
4311000,1746786744.2086275
4314000,1746786744.2404046
4317000,1746786744.2741723
4320000,1746786744.307477
4323000,1746786744.338618
4326000,1746786744.3862674
4329000,1746786744.417341
4332000,1746786744.4487586
4335000,1746786744.4828572
4338000,1746786744.513736
4341000,1746786744.544457
4344000,1746786744.5772684
4347000,1746786744.608592
4350000,1746786744.6551685
4353000,1746786744.6997614
4356000,1746786744.726756
4359000,1746786744.750187
4362000,1746786744.7808712
4365000,1746786744.8163464
4368000,1746786744.8493552
4371000,1746786744.8830137
4374000,1746786744.936733
4377000,1746786744.968914
4380000,1746786745.0006208
4383000,1746786745.0306168
4386000,1746786745.0560675
4389000,1746786745.088745
4392000,1746786745.1188745
4395000,1746786745.134003
4398000,1746786745.1700203
4401000,1746786745.2028656
4404000,1746786745.2349386
4407000,1746786745.2671127
4410000,1746786745.3316479
4413000,1746786745.3648205
4416000,1746786745.3940332
4419000,1746786745.411688
4422000,1746786745.4437969
4425000,1746786745.4767983
4428000,1746786745.5094395
4431000,1746786745.5404408
4434000,1746786745.5673842
4437000,1746786745.600871
4440000,1746786745.6324635
4443000,1746786745.665461
4446000,1746786745.7110865
4449000,1746786745.7420878
4452000,1746786745.776088
4455000,1746786745.8066008
4458000,1746786745.8385994
4461000,1746786745.8726015
4464000,1746786745.903268
4467000,1746786745.9523292
4470000,1746786745.9810553
4473000,1746786746.0144114
4476000,1746786746.0460823
4479000,1746786746.0784028
4482000,1746786746.1163554
4485000,1746786746.1479073
4488000,1746786746.1786575
4491000,1746786746.2273448
4494000,1746786746.259948
4497000,1746786746.2923887
4500000,1746786746.3242984
4503000,1746786746.3551943
4506000,1746786746.3868012
4509000,1746786746.4197795
4512000,1746786746.4490514
4515000,1746786746.4680526
4518000,1746786746.5270488
4521000,1746786746.5592792
4524000,1746786746.6016178
4527000,1746786746.6286213
4530000,1746786746.663164
4533000,1746786746.6924064
4536000,1746786746.7089782
4539000,1746786746.7412708
4542000,1746786746.7774415
4545000,1746786746.8065445
4548000,1746786746.8411226
4551000,1746786746.8704135
4554000,1746786746.934241
4557000,1746786746.9649725
4560000,1746786746.9877715
4563000,1746786747.0077028
4566000,1746786747.0422611
4569000,1746786747.0719492
4572000,1746786747.1077173
4575000,1746786747.140712
4578000,1746786747.170549
4581000,1746786747.2021346
4584000,1746786747.23274
4587000,1746786747.2803454
4590000,1746786747.3146918
4593000,1746786747.3449295
4596000,1746786747.3778665
4599000,1746786747.4065957
4602000,1746786747.4405303
4605000,1746786747.471226
4608000,1746786747.5216613
4611000,1746786747.552037
4614000,1746786747.5828235
4617000,1746786747.6129508
4620000,1746786747.647067
4623000,1746786747.679375
4626000,1746786747.711759
4629000,1746786747.7438848
4632000,1746786747.792712
4635000,1746786747.8220315
4638000,1746786747.8564482
4641000,1746786747.8860896
4644000,1746786747.919126
4647000,1746786747.952158
4650000,1746786747.9850688
4653000,1746786748.009037
4656000,1746786748.0250342
4659000,1746786748.0652773
4662000,1746786748.1287813
4665000,1746786748.1589012
4668000,1746786748.1909468
4671000,1746786748.2244327
4674000,1746786748.2554197
4677000,1746786748.2874186
4680000,1746786748.3199592
4683000,1746786748.3509572
4686000,1746786748.3829536
4689000,1746786748.4151094
4692000,1746786748.4271173
4695000,1746786748.447109
4698000,1746786748.526776
4701000,1746786748.5602055
4704000,1746786748.5925243
4707000,1746786748.6246932
4710000,1746786748.6564684
4713000,1746786748.687161
4716000,1746786748.7192361
4719000,1746786748.7525015
4722000,1746786748.783439
4725000,1746786748.8166628
4728000,1746786748.8471706
4731000,1746786748.862177
4734000,1746786748.9383368
4737000,1746786748.9723437
4740000,1746786749.012345
4743000,1746786749.0533614
4746000,1746786749.0763388
4749000,1746786749.090344
4752000,1746786749.1033528
4755000,1746786749.1362505
4758000,1746786749.1685307
4761000,1746786749.196876
4764000,1746786749.2311482
4767000,1746786749.263121
4770000,1746786749.3139942
4773000,1746786749.3430548
4776000,1746786749.3756728
4779000,1746786749.4078162
4782000,1746786749.4408152
4785000,1746786749.4721994
4788000,1746786749.503375
4791000,1746786749.5366514
4794000,1746786749.5857582
4797000,1746786749.614631
4800000,1746786749.6467788
4803000,1746786749.6801255
4806000,1746786749.7108343
4809000,1746786749.743424
4812000,1746786749.77532
4815000,1746786749.808199
4818000,1746786749.8552885
4821000,1746786749.8883235
4824000,1746786749.9167182
4827000,1746786749.9502645
4830000,1746786749.984858
4833000,1746786750.0160844
4836000,1746786750.0481746
4839000,1746786750.0651727
4842000,1746786750.1291857
4845000,1746786750.160019
4848000,1746786750.1933334
4851000,1746786750.2234406
4854000,1746786750.2535422
4857000,1746786750.2872007
4860000,1746786750.318775
4863000,1746786750.3279328
4866000,1746786750.367128
4869000,1746786750.3987782
4872000,1746786750.4323442
4875000,1746786750.463365
4878000,1746786750.5286145
4881000,1746786750.5592606
4884000,1746786750.5702844
4887000,1746786750.5927854
4890000,1746786750.6404734
4893000,1746786750.6715405
4896000,1746786750.7034848
4899000,1746786750.736864
4902000,1746786750.767307
4905000,1746786750.7996712
4908000,1746786750.8333251
4911000,1746786750.8802273
4914000,1746786750.913855
4917000,1746786750.9438608
4920000,1746786750.9748654
4923000,1746786751.0078738
4926000,1746786751.0414684
4929000,1746786751.0734487
4932000,1746786751.10451
4935000,1746786751.151111
4938000,1746786751.1851056
4941000,1746786751.2177527
4944000,1746786751.2451708
4947000,1746786751.2797015
4950000,1746786751.3136759
4953000,1746786751.3451996
4956000,1746786751.37399
4959000,1746786751.4246264
4962000,1746786751.4578953
4965000,1746786751.4882562
4968000,1746786751.5220406
4971000,1746786751.5541532
4974000,1746786751.584549
4977000,1746786751.6196527
4980000,1746786751.6318018
4983000,1746786751.6632488
4986000,1746786751.7308116
4989000,1746786751.7610984
4992000,1746786751.7937715
4995000,1746786751.8239458
4998000,1746786751.8562279
5001000,1746786751.88862
5004000,1746786751.90178
5007000,1746786751.93434
5010000,1746786751.9674375
5013000,1746786751.9996693
5016000,1746786752.0330546
5019000,1746786752.066787
5022000,1746786752.1271799
5025000,1746786752.1411796
5028000,1746786752.1774335
5031000,1746786752.206954
5034000,1746786752.2381322
5037000,1746786752.270863
5040000,1746786752.3037753
5043000,1746786752.3378406
5046000,1746786752.3672445
5049000,1746786752.4004939
5052000,1746786752.4476218
5055000,1746786752.480422
5058000,1746786752.5128703
5061000,1746786752.5439858
5064000,1746786752.5770273
5067000,1746786752.6081724
5070000,1746786752.641672
5073000,1746786752.671335
5076000,1746786752.719251
5079000,1746786752.751453
5082000,1746786752.7852
5085000,1746786752.8141367
5088000,1746786752.84798
5091000,1746786752.8789485
5094000,1746786752.9114785
5097000,1746786752.9597623
5100000,1746786752.991624
5103000,1746786753.023365
5106000,1746786753.056974
5109000,1746786753.0874405
5112000,1746786753.121026
5115000,1746786753.1541526
5118000,1746786753.1851099
5121000,1746786753.1992629
5124000,1746786753.2312136
5127000,1746786753.26367
5130000,1746786753.3281784
5133000,1746786753.360334
5136000,1746786753.3919702
5139000,1746786753.421354
5142000,1746786753.4564478
5145000,1746786753.470448
5148000,1746786753.5033298
5151000,1746786753.53385
5154000,1746786753.5668495
5157000,1746786753.598849
5160000,1746786753.632361
5163000,1746786753.6643658
5166000,1746786753.695361
5169000,1746786753.7428725
5172000,1746786753.7748725
5175000,1746786753.806884
5178000,1746786753.8404887
5181000,1746786753.8704906
5184000,1746786753.9047267
5187000,1746786753.9370599
5190000,1746786753.9660943
5193000,1746786754.019252
5196000,1746786754.0527785
5199000,1746786754.0791445
5202000,1746786754.1102831
5205000,1746786754.1445637
5208000,1746786754.1752613
5211000,1746786754.2055318
5214000,1746786754.239167
5217000,1746786754.288309
5220000,1746786754.3200612
5223000,1746786754.3531826
5226000,1746786754.3842237
5229000,1746786754.4154158
5232000,1746786754.4471622
5235000,1746786754.480675
5238000,1746786754.529593
5241000,1746786754.5613713
5244000,1746786754.5943563
5247000,1746786754.6275287
5250000,1746786754.6578572
5253000,1746786754.6889193
5256000,1746786754.7196069
5259000,1746786754.7513614
5262000,1746786754.7605555
5265000,1746786754.8066585
5268000,1746786754.8425033
5271000,1746786754.8727646
5274000,1746786754.9378536
5277000,1746786754.9720058
5280000,1746786754.9980016
5283000,1746786755.034237
5286000,1746786755.0656402
5289000,1746786755.0846457
5292000,1746786755.1086562
5295000,1746786755.1351805
5298000,1746786755.1678977
5301000,1746786755.2002418
5304000,1746786755.2327237
5307000,1746786755.2630167
5310000,1746786755.3129146
5313000,1746786755.3461494
5316000,1746786755.3755028
5319000,1746786755.4081602
5322000,1746786755.4411693
5325000,1746786755.4722989
5328000,1746786755.5032806
5331000,1746786755.5363035
5334000,1746786755.584403
5337000,1746786755.6161
5340000,1746786755.6472409
5343000,1746786755.6795967
5346000,1746786755.7122698
5349000,1746786755.743125
5352000,1746786755.7752476
5355000,1746786755.8086305
5358000,1746786755.856426
5361000,1746786755.8885586
5364000,1746786755.919537
5367000,1746786755.9509559
5370000,1746786755.9891033
5373000,1746786756.0158064
5376000,1746786756.0465713
5379000,1746786756.0575707
5382000,1746786756.128103
5385000,1746786756.1587524
5388000,1746786756.1927528
5391000,1746786756.2219727
5394000,1746786756.254492
5397000,1746786756.288493
5400000,1746786756.3205335
5403000,1746786756.3340864
5406000,1746786756.366089
5409000,1746786756.4000976
5412000,1746786756.4317687
5415000,1746786756.4617715
5418000,1746786756.528453
5421000,1746786756.5591052
5424000,1746786756.590341
5427000,1746786756.6005201
5430000,1746786756.6385574
5433000,1746786756.6711075
5436000,1746786756.7021925
5439000,1746786756.7332668
5442000,1746786756.7680166
5445000,1746786756.8004239
5448000,1746786756.832355
5451000,1746786756.879516
5454000,1746786756.9122133
5457000,1746786756.9443378
5460000,1746786756.9754035
5463000,1746786757.0068042
5466000,1746786757.0383859
5469000,1746786757.0722408
5472000,1746786757.1042988
5475000,1746786757.1525254
5478000,1746786757.1834712
5481000,1746786757.2171006
5484000,1746786757.2484045
5487000,1746786757.280882
5490000,1746786757.3124413
5493000,1746786757.343255
5496000,1746786757.3752925
5499000,1746786757.4269402
5502000,1746786757.4565518
5505000,1746786757.4873855
5508000,1746786757.519249
5511000,1746786757.551221
5514000,1746786757.5846915
5517000,1746786757.616643
5520000,1746786757.633654
5523000,1746786757.664443
5526000,1746786757.7272596
5529000,1746786757.7603104
5532000,1746786757.7912169
5535000,1746786757.8245237
5538000,1746786757.8553169
5541000,1746786757.8883088
5544000,1746786757.8993006
5547000,1746786757.934139
5550000,1746786757.966842
5553000,1746786757.9990926
5556000,1746786758.030936
5559000,1746786758.0661027
5562000,1746786758.1329515
5565000,1746786758.1656475
5568000,1746786758.1846492
5571000,1746786758.21368
5574000,1746786758.2402427
5577000,1746786758.2701368
5580000,1746786758.3048327
5583000,1746786758.3355634
5586000,1746786758.3671575
5589000,1746786758.3990984
5592000,1746786758.4483285
5595000,1746786758.4811885
5598000,1746786758.512155
5601000,1746786758.5440488
5604000,1746786758.5749774
5607000,1746786758.6071987
5610000,1746786758.6414943
5613000,1746786758.6730595
5616000,1746786758.7202208
5619000,1746786758.7507217
5622000,1746786758.7844074
5625000,1746786758.8163998
5628000,1746786758.8479116
5631000,1746786758.8799033
5634000,1746786758.9119027
5637000,1746786758.9424436
5640000,1746786758.9914424
5643000,1746786759.0236206
5646000,1746786759.0562298
5649000,1746786759.0882354
5652000,1746786759.1197355
5655000,1746786759.1523654
5658000,1746786759.1851914
5661000,1746786759.1987793
5664000,1746786759.2312412
5667000,1746786759.2631195
5670000,1746786759.325842
5673000,1746786759.3576097
5676000,1746786759.3920643
5679000,1746786759.422767
5682000,1746786759.4559562
5685000,1746786759.471173
5688000,1746786759.5043705
5691000,1746786759.5351763
5694000,1746786759.5672302
5697000,1746786759.601034
5700000,1746786759.6330168
5703000,1746786759.6630871
5706000,1746786759.695258
5709000,1746786759.72779
5712000,1746786759.7801938
5715000,1746786759.812452
5718000,1746786759.8444183
5721000,1746786759.8761363
5724000,1746786759.910231
5727000,1746786759.9407349
5730000,1746786759.9754632
5733000,1746786760.0218332
5736000,1746786760.0502217
5739000,1746786760.0815947
5742000,1746786760.1138775
5745000,1746786760.144102
5748000,1746786760.1777046
5751000,1746786760.2119305
5754000,1746786760.2423694
5757000,1746786760.2878501
5760000,1746786760.3221307
5763000,1746786760.351723
5766000,1746786760.3866343
5769000,1746786760.4162593
5772000,1746786760.448168
5775000,1746786760.4814522
5778000,1746786760.5122278
5781000,1746786760.5652845
5784000,1746786760.5963209
5787000,1746786760.627279
5790000,1746786760.6617746
5793000,1746786760.6919663
5796000,1746786760.7262182
5799000,1746786760.7552736
5802000,1746786760.7682726
5805000,1746786760.8053925
5808000,1746786760.8367603
5811000,1746786760.8611453
5814000,1746786760.9282305
5817000,1746786760.9681678
5820000,1746786761.0031612
5823000,1746786761.0363834
5826000,1746786761.0550308
5829000,1746786761.0755002
5832000,1746786761.1086323
5835000,1746786761.14072
5838000,1746786761.171497
5841000,1746786761.2128453
5844000,1746786761.2377236
5847000,1746786761.268105
5850000,1746786761.3170984
5853000,1746786761.3487418
5856000,1746786761.374736
5859000,1746786761.4075258
5862000,1746786761.4380007
5865000,1746786761.4705868
5868000,1746786761.5025897
5871000,1746786761.5346076
5874000,1746786761.5841968
5877000,1746786761.616196
5880000,1746786761.647853
5883000,1746786761.6788173
5886000,1746786761.710813
5889000,1746786761.742837
5892000,1746786761.7758977
5895000,1746786761.8065867
5898000,1746786761.8565257
5901000,1746786761.8885121
5904000,1746786761.9198802
5907000,1746786761.951683
5910000,1746786761.9820793
5913000,1746786762.0151057
5916000,1746786762.0483007
5919000,1746786762.061298
5922000,1746786762.1300125
5925000,1746786762.160071
5928000,1746786762.1900494
5931000,1746786762.2226064
5934000,1746786762.2545404
5937000,1746786762.287983
5940000,1746786762.3200247
5943000,1746786762.33203
5946000,1746786762.3672874
5949000,1746786762.4007313
5952000,1746786762.432776
5955000,1746786762.4655325
5958000,1746786762.532987
5961000,1746786762.5640519
5964000,1746786762.595031
5967000,1746786762.61318
5970000,1746786762.6391644
5973000,1746786762.6716087
5976000,1746786762.7031415
5979000,1746786762.7385821
5982000,1746786762.7671254
5985000,1746786762.79952
5988000,1746786762.8329375
5991000,1746786762.8798816
5994000,1746786762.911105
5997000,1746786762.9442756
6000000,1746786762.97593
6003000,1746786763.0091567
6006000,1746786763.0394185
6009000,1746786763.074365
6012000,1746786763.1047268
6015000,1746786763.1539588
6018000,1746786763.184095
6021000,1746786763.213894
6024000,1746786763.2459676
6027000,1746786763.2780864
6030000,1746786763.312439
6033000,1746786763.3435266
6036000,1746786763.3780558
6039000,1746786763.4245465
6042000,1746786763.4568965
6045000,1746786763.4871967
6048000,1746786763.5214067
6051000,1746786763.5538478
6054000,1746786763.5834332
6057000,1746786763.615913
6060000,1746786763.6289134
6063000,1746786763.663554
6066000,1746786763.7283564
6069000,1746786763.7604702
6072000,1746786763.7912333
6075000,1746786763.823232
6078000,1746786763.856236
6081000,1746786763.8859253
6084000,1746786763.8959231
6087000,1746786763.9396272
6090000,1746786763.9712524
6093000,1746786764.0006356
6096000,1746786764.0306244
6099000,1746786764.0626397
6102000,1746786764.1276443
6105000,1746786764.1588588
6108000,1746786764.1718497
6111000,1746786764.2068489
6114000,1746786764.2388508
6117000,1746786764.2714791
6120000,1746786764.3024821
6123000,1746786764.33648
6126000,1746786764.3680089
6129000,1746786764.4000032
6132000,1746786764.445878
6135000,1746786764.4787934
6138000,1746786764.5108044
6141000,1746786764.545271
6144000,1746786764.5751472
6147000,1746786764.6084635
6150000,1746786764.6389582
6153000,1746786764.672666
6156000,1746786764.72329
6159000,1746786764.754777
6162000,1746786764.7931244
6165000,1746786764.8261158
6168000,1746786764.851489
6171000,1746786764.8842554
6174000,1746786764.9133725
6177000,1746786764.9521813
6180000,1746786764.994369
6183000,1746786765.023335
6186000,1746786765.058059
6189000,1746786765.088772
6192000,1746786765.1194353
6195000,1746786765.1511624
6198000,1746786765.186238
6201000,1746786765.202241
6204000,1746786765.2322352
6207000,1746786765.2629075
6210000,1746786765.3272753
6213000,1746786765.3590498
6216000,1746786765.392874
6219000,1746786765.4234426
6222000,1746786765.457116
6225000,1746786765.4687119
6228000,1746786765.5042005
6231000,1746786765.534914
6234000,1746786765.5678282
6237000,1746786765.5994308
6240000,1746786765.6336615
6243000,1746786765.6638744
6246000,1746786765.727228
6249000,1746786765.7412286
6252000,1746786765.7767005
6255000,1746786765.809175
6258000,1746786765.8395288
6261000,1746786765.8715544
6264000,1746786765.9029348
6267000,1746786765.9354484
6270000,1746786765.9696074
6273000,1746786766.0152423
6276000,1746786766.0490468
6279000,1746786766.0789459
6282000,1746786766.1125793
6285000,1746786766.1440144
6288000,1746786766.175778
6291000,1746786766.2074432
6294000,1746786766.2391357
6297000,1746786766.2967098
6300000,1746786766.329977
6303000,1746786766.3600547
6306000,1746786766.3886392
6309000,1746786766.419836
6312000,1746786766.4509099
6315000,1746786766.4820313
6318000,1746786766.514575
6321000,1746786766.5605998
6324000,1746786766.5928519
6327000,1746786766.622832
6330000,1746786766.6548498
6333000,1746786766.6874003
6336000,1746786766.7183945
6339000,1746786766.7504077
6342000,1746786766.759407
6345000,1746786766.7999315
6348000,1746786766.8309283
6351000,1746786766.8629823
6354000,1746786766.9271574
6357000,1746786766.9591722
6360000,1746786766.9931893
6363000,1746786767.0231307
6366000,1746786767.038861
6369000,1746786767.07153
6372000,1746786767.1021929
6375000,1746786767.1351519
6378000,1746786767.166153
6381000,1746786767.199395
6384000,1746786767.2311056
6387000,1746786767.26167
6390000,1746786767.2941682
6393000,1746786767.343225
6396000,1746786767.3767312
6399000,1746786767.40834
6402000,1746786767.4399586
6405000,1746786767.4728887
6408000,1746786767.503169
6411000,1746786767.536547
6414000,1746786767.5920255
6417000,1746786767.6250176
6420000,1746786767.6480184
6423000,1746786767.6805432
6426000,1746786767.709752
6429000,1746786767.7433693
6432000,1746786767.7754807
6435000,1746786767.8086762
6438000,1746786767.8555374
6441000,1746786767.8873258
6444000,1746786767.9195971
6447000,1746786767.9527888
6450000,1746786767.9833133
6453000,1746786768.015534
6456000,1746786768.0499303
6459000,1746786768.0639799
6462000,1746786768.138446
6465000,1746786768.174127
6468000,1746786768.1933386
6471000,1746786768.2246566
6474000,1746786768.255428
6477000,1746786768.288247
6480000,1746786768.320398
6483000,1746786768.3384004
6486000,1746786768.3687146
6489000,1746786768.399828
6492000,1746786768.433119
6495000,1746786768.4643507
6498000,1746786768.52849
6501000,1746786768.5609076
6504000,1746786768.5941164
6507000,1746786768.6077714
6510000,1746786768.641364
6513000,1746786768.6714368
6516000,1746786768.7052603
6519000,1746786768.7365918
6522000,1746786768.7698696
6525000,1746786768.799649
6528000,1746786768.8329983
6531000,1746786768.865072
6534000,1746786768.9112394
6537000,1746786768.944128
6540000,1746786768.975287
6543000,1746786769.007288
6546000,1746786769.040433
6549000,1746786769.0726082
6552000,1746786769.103335
6555000,1746786769.149649
6558000,1746786769.18198
6561000,1746786769.2166033
6564000,1746786769.246647
6567000,1746786769.277699
6570000,1746786769.3098774
6573000,1746786769.3418772
6576000,1746786769.37392
6579000,1746786769.424394
6582000,1746786769.4543922
6585000,1746786769.4849062
6588000,1746786769.5199115
6591000,1746786769.550907
6594000,1746786769.5820246
6597000,1746786769.614858
6600000,1746786769.6310472
6603000,1746786769.6634362
6606000,1746786769.7299342
6609000,1746786769.7616744
6612000,1746786769.7916832
6615000,1746786769.8218682
6618000,1746786769.855062
6621000,1746786769.8876295
6624000,1746786769.8996305
6627000,1746786769.9370344
6630000,1746786769.967388
6633000,1746786769.9993908
6636000,1746786770.0317633
6639000,1746786770.0650306
6642000,1746786770.1356835
6645000,1746786770.1679723
6648000,1746786770.1892796
6651000,1746786770.2132835
6654000,1746786770.2422624
6657000,1746786770.2715843
6660000,1746786770.3033378
6663000,1746786770.3372781
6666000,1746786770.371425
6669000,1746786770.4016464
6672000,1746786770.448433
6675000,1746786770.4806948
6678000,1746786770.5143511
6681000,1746786770.5451896
6684000,1746786770.5753806
6687000,1746786770.6081042
6690000,1746786770.6416943
6693000,1746786770.6732776
6696000,1746786770.7206235
6699000,1746786770.7526922
6702000,1746786770.7832887
6705000,1746786770.816534
6708000,1746786770.8474565
6711000,1746786770.8821597
6714000,1746786770.9171064
6717000,1746786770.9501188
6720000,1746786770.995537
6723000,1746786771.0254076
6726000,1746786771.0580707
6729000,1746786771.090686
6732000,1746786771.1204977
6735000,1746786771.1531448
6738000,1746786771.186797
6741000,1746786771.201631
6744000,1746786771.2350295
6747000,1746786771.2655888
6750000,1746786771.3312836
6753000,1746786771.3624406
6756000,1746786771.3940072
6759000,1746786771.4251575
6762000,1746786771.4578116
6765000,1746786771.474881
6768000,1746786771.5056865
6771000,1746786771.5381577
6774000,1746786771.5692968
6777000,1746786771.6011827
6780000,1746786771.6331134
6783000,1746786771.6646693
6786000,1746786771.7292368
6789000,1746786771.7482355
6792000,1746786771.7802353
6795000,1746786771.80878
6798000,1746786771.8407764
6801000,1746786771.8722506
6804000,1746786771.9038022
6807000,1746786771.9348085
6810000,1746786771.9658022
6813000,1746786772.015429
6816000,1746786772.0454395
6819000,1746786772.0774539
6822000,1746786772.1120503
6825000,1746786772.1440554
6828000,1746786772.174053
6831000,1746786772.2075763
6834000,1746786772.240576
6837000,1746786772.2869864
6840000,1746786772.3182292
6843000,1746786772.3522878
6846000,1746786772.3824253
6849000,1746786772.4163346
6852000,1746786772.4465714
6855000,1746786772.4790897
6858000,1746786772.5127895
6861000,1746786772.5592434
6864000,1746786772.5912786
6867000,1746786772.6233702
6870000,1746786772.6562645
6873000,1746786772.6871567
6876000,1746786772.7201195
6879000,1746786772.751316
6882000,1746786772.7683146
6885000,1746786772.8008714
6888000,1746786772.831122
6891000,1746786772.8647761
6894000,1746786772.9352245
6897000,1746786772.9641957
6900000,1746786772.9908636
6903000,1746786773.0242572
6906000,1746786773.0412238
6909000,1746786773.0711145
6912000,1746786773.104002
6915000,1746786773.13657
6918000,1746786773.1687913
6921000,1746786773.199265
6924000,1746786773.231632
6927000,1746786773.2643065
6930000,1746786773.296474
6933000,1746786773.345022
6936000,1746786773.3747723
6939000,1746786773.4098027
6942000,1746786773.439323
6945000,1746786773.4719894
6948000,1746786773.504223
6951000,1746786773.5351207
6954000,1746786773.5831823
6957000,1746786773.61597
6960000,1746786773.6461742
6963000,1746786773.6790495
6966000,1746786773.7117865
6969000,1746786773.7417328
6972000,1746786773.7759876
6975000,1746786773.8080583
6978000,1746786773.8555782
6981000,1746786773.8870728
6984000,1746786773.9198012
6987000,1746786773.9529688
6990000,1746786773.9842658
6993000,1746786774.0166485
6996000,1746786774.0491493
6999000,1746786774.0810094
7002000,1746786774.127986
7005000,1746786774.1614661
7008000,1746786774.1940966
7011000,1746786774.2241857
7014000,1746786774.2576683
7017000,1746786774.2872555
7020000,1746786774.3191009
7023000,1746786774.3333619
7026000,1746786774.3673482
7029000,1746786774.4001667
7032000,1746786774.432768
7035000,1746786774.4636378
7038000,1746786774.5272486
7041000,1746786774.5602474
7044000,1746786774.592253
7047000,1746786774.6062539
7050000,1746786774.6377668
7053000,1746786774.670768
7056000,1746786774.701776
7059000,1746786774.7352877
7062000,1746786774.7672877
7065000,1746786774.799352
7068000,1746786774.832866
7071000,1746786774.864296
7074000,1746786774.9118776
7077000,1746786774.9427478
7080000,1746786774.9736586
7083000,1746786775.0050554
7086000,1746786775.0379362
7089000,1746786775.072023
7092000,1746786775.103132
7095000,1746786775.1530857
7098000,1746786775.1838055
7101000,1746786775.2153904
7104000,1746786775.2485125
7107000,1746786775.2809517
7110000,1746786775.3102705
7113000,1746786775.3417544
7116000,1746786775.3747826
7119000,1746786775.4236164
7122000,1746786775.4552863
7125000,1746786775.4878728
7128000,1746786775.5204883
7131000,1746786775.5521727
7134000,1746786775.5833867
7137000,1746786775.6154976
7140000,1746786775.6483967
7143000,1746786775.6655126
7146000,1746786775.7276125
7149000,1746786775.7605896
7152000,1746786775.7911687
7155000,1746786775.8232572
7158000,1746786775.8551424
7161000,1746786775.887363
7164000,1746786775.8995247
7167000,1746786775.9346447
7170000,1746786775.9671295
7173000,1746786775.996771
7176000,1746786776.0333023
7179000,1746786776.0619886
7182000,1746786776.1272643
7185000,1746786776.1600268
7188000,1746786776.1800303
7191000,1746786776.2071846
7194000,1746786776.243147
7197000,1746786776.2743042
7200000,1746786776.3049545
7203000,1746786776.3381276
7206000,1746786776.3713436
7209000,1746786776.4022775
7212000,1746786776.432422
7215000,1746786776.4829168
7218000,1746786776.5137115
7221000,1746786776.5463543
7224000,1746786776.5781434
7227000,1746786776.6102605
7230000,1746786776.64237
7233000,1746786776.673999
7236000,1746786776.727223
7239000,1746786776.7572167
7242000,1746786776.7875545
7245000,1746786776.8176486
7248000,1746786776.8510017
7251000,1746786776.881413
7254000,1746786776.9126964
7257000,1746786776.9455867
7260000,1746786776.994905
7263000,1746786777.0264251
7266000,1746786777.0554204
7269000,1746786777.0860357
7272000,1746786777.120638
7275000,1746786777.1496384
7278000,1746786777.1826336
7281000,1746786777.1936347
7284000,1746786777.2152052
7287000,1746786777.2642
7290000,1746786777.326833
7293000,1746786777.3578322
7296000,1746786777.3908327
7299000,1746786777.42202
7302000,1746786777.4549794
7305000,1746786777.467981
7308000,1746786777.502991
7311000,1746786777.5359657
7314000,1746786777.5667288
7317000,1746786777.598022
7320000,1746786777.6311982
7323000,1746786777.666428
7326000,1746786777.7272098
7329000,1746786777.744211
7332000,1746786777.775327
7335000,1746786777.8070846
7338000,1746786777.8392
7341000,1746786777.872613
7344000,1746786777.903606
7347000,1746786777.9360933
7350000,1746786777.9693246
7353000,1746786777.9992023
7356000,1746786778.047152
7359000,1746786778.0807242
7362000,1746786778.1109731
7365000,1746786778.1430402
7368000,1746786778.1750855
7371000,1746786778.2074728
7374000,1746786778.2407231
7377000,1746786778.2887414
7380000,1746786778.3217075
7383000,1746786778.3496068
7386000,1746786778.3832166
7389000,1746786778.4164867
7392000,1746786778.4472759
7395000,1746786778.4817195
7398000,1746786778.50985
7401000,1746786778.5630796
7404000,1746786778.595835
7407000,1746786778.6288934
7410000,1746786778.659868
7413000,1746786778.6917562
7416000,1746786778.723992
7419000,1746786778.7563267
7422000,1746786778.7763276
7425000,1746786778.80386
7428000,1746786778.8364806
7431000,1746786778.8670807
7434000,1746786778.93178
7437000,1746786778.9587815
7440000,1746786778.9893136
7443000,1746786779.020643
7446000,1746786779.0316553
7449000,1746786779.0711446
7452000,1746786779.1035783
7455000,1746786779.1364157
7458000,1746786779.168132
7461000,1746786779.1981475
7464000,1746786779.2311513
7467000,1746786779.2631853
7470000,1746786779.295247
7473000,1746786779.343323
7476000,1746786779.3755648
7479000,1746786779.4077494
7482000,1746786779.4383352
7485000,1746786779.471307
7488000,1746786779.5025985
7491000,1746786779.5365794
7494000,1746786779.5849743
7497000,1746786779.6157358
7500000,1746786779.64711
7503000,1746786779.6793978
7506000,1746786779.7109554
7509000,1746786779.7428477
7512000,1746786779.7747123
7515000,1746786779.8058908
7518000,1746786779.8564818
7521000,1746786779.8864806
7524000,1746786779.9195304
7527000,1746786779.9510422
7530000,1746786779.9840426
7533000,1746786780.0150487
7536000,1746786780.0466158
7539000,1746786780.0806153
7542000,1746786780.1281416
7545000,1746786780.1598463
7548000,1746786780.191318
7551000,1746786780.2229822
7554000,1746786780.2540948
7557000,1746786780.2872179
7560000,1746786780.3192801
7563000,1746786780.3314052
7566000,1746786780.3683436
7569000,1746786780.399347
7572000,1746786780.4294453
7575000,1746786780.4644425
7578000,1746786780.5291646
7581000,1746786780.5591679
7584000,1746786780.5911288
7587000,1746786780.6021655
7590000,1746786780.6376338
7593000,1746786780.669711
7596000,1746786780.7020442
7599000,1746786780.734945
7602000,1746786780.7667785
7605000,1746786780.7977853
7608000,1746786780.832847
7611000,1746786780.8618326
7614000,1746786780.9120996
7617000,1746786780.9427578
7620000,1746786780.9747002
7623000,1746786781.006728
7626000,1746786781.0390623
7629000,1746786781.0710585
7632000,1746786781.1030939
7635000,1746786781.150674
7638000,1746786781.1827807
7641000,1746786781.2146573
7644000,1746786781.248212
7647000,1746786781.2792182
7650000,1746786781.3123257
7653000,1746786781.3428712
7656000,1746786781.375025
7659000,1746786781.4224021
7662000,1746786781.4540665
7665000,1746786781.4870229
7668000,1746786781.5180883
7671000,1746786781.549651
7674000,1746786781.58165
7677000,1746786781.6140728
7680000,1746786781.647172
7683000,1746786781.663172
7686000,1746786781.7283456
7689000,1746786781.7605035
7692000,1746786781.792503
7695000,1746786781.8236973
7698000,1746786781.8552167
7701000,1746786781.8869236
7704000,1746786781.8989255
7707000,1746786781.9385598
7710000,1746786781.9685583
7713000,1746786781.998643
7716000,1746786782.029271
7719000,1746786782.062714
7722000,1746786782.127523
7725000,1746786782.1590567
7728000,1746786782.1710565
7731000,1746786782.2083435
7734000,1746786782.2399557
7737000,1746786782.2721949
7740000,1746786782.30421
7743000,1746786782.335422
7746000,1746786782.3677711
7749000,1746786782.3987706
7752000,1746786782.4312973
7755000,1746786782.4802985
7758000,1746786782.5123496
7761000,1746786782.5429373
7764000,1746786782.5749378
7767000,1746786782.6069396
7770000,1746786782.6415775
7773000,1746786782.6725783
7776000,1746786782.720623
7779000,1746786782.7511363
7782000,1746786782.7841387
7785000,1746786782.8162088
7788000,1746786782.8489785
7791000,1746786782.8800597
7794000,1746786782.910991
7797000,1746786782.9429042
7800000,1746786782.9911263
7803000,1746786783.023155
7806000,1746786783.0556822
7809000,1746786783.0867136
7812000,1746786783.1186895
7815000,1746786783.1522639
7818000,1746786783.1822572
7821000,1746786783.2163098
7824000,1746786783.2308283
7827000,1746786783.2630305
7830000,1746786783.3278136
7833000,1746786783.3588138
7836000,1746786783.3908088
7839000,1746786783.4228547
7842000,1746786783.456463
7845000,1746786783.4784653
7848000,1746786783.5034628
7851000,1746786783.5350177
7854000,1746786783.5670102
7857000,1746786783.5991044
7860000,1746786783.6315985
7863000,1746786783.6625977
7866000,1746786783.727791
7869000,1746786783.7417996
7872000,1746786783.7749188
7875000,1746786783.806916
7878000,1746786783.8384397
7881000,1746786783.8714345
7884000,1746786783.9014387
7887000,1746786783.936091
7890000,1746786783.967091
7893000,1746786784.0000877
7896000,1746786784.0467753
7899000,1746786784.078778
7902000,1746786784.1107788
7905000,1746786784.1443977
7908000,1746786784.1745474
7911000,1746786784.20855
7914000,1746786784.2391953
7917000,1746786784.2881904
7920000,1746786784.3210306
7923000,1746786784.3521829
7926000,1746786784.3841865
7929000,1746786784.416502
7932000,1746786784.448124
7935000,1746786784.4786763
7938000,1746786784.5119336
7941000,1746786784.5585291
7944000,1746786784.5895271
7947000,1746786784.624543
7950000,1746786784.6561
7953000,1746786784.6871138
7956000,1746786784.7211137
7959000,1746786784.7514193
7962000,1746786784.7844343
7965000,1746786784.799444
7968000,1746786784.832329
7971000,1746786784.8643115
7974000,1746786784.9269392
7977000,1746786784.9584887
7980000,1746786784.9904873
7983000,1746786785.0245368
7986000,1746786785.0390666
7989000,1746786785.07242
7992000,1746786785.1014962
7995000,1746786785.135614
7998000,1746786785.1668937
8001000,1746786785.1988955
8004000,1746786785.2324655
8007000,1746786785.2634614
8010000,1746786785.2974641
8013000,1746786785.3430989
8016000,1746786785.375098
8019000,1746786785.4070997
8022000,1746786785.4406688
8025000,1746786785.4696743
8028000,1746786785.505669
8031000,1746786785.5393004
8034000,1746786785.5702908
8037000,1746786785.6157556
8040000,1746786785.647934
8043000,1746786785.6793022
8046000,1746786785.7107313
8049000,1746786785.7426944
8052000,1746786785.77807
8055000,1746786785.810066
8058000,1746786785.85632
8061000,1746786785.887306
8064000,1746786785.9203598
8067000,1746786785.9494007
8070000,1746786785.981775
8073000,1746786786.0217893
8076000,1746786786.0493183
8079000,1746786786.0784547
8082000,1746786786.128467
8085000,1746786786.160139
8088000,1746786786.1903424
8091000,1746786786.2237418
8094000,1746786786.255017
8097000,1746786786.2877672
8100000,1746786786.3190799
8103000,1746786786.332616
8106000,1746786786.3511431
8109000,1746786786.4007154
8112000,1746786786.4330442
8115000,1746786786.4618354
8118000,1746786786.5317094
8121000,1746786786.5640302
8124000,1746786786.5989392
8127000,1746786786.6261618
8130000,1746786786.6536567
8133000,1746786786.6735997
8136000,1746786786.7111428
8139000,1746786786.7403963
8142000,1746786786.7689645
8145000,1746786786.8041563
8148000,1746786786.8328044
8151000,1746786786.8645632
8154000,1746786786.9135985
8157000,1746786786.945165
8160000,1746786786.9778728
8163000,1746786787.0112925
8166000,1746786787.0411777
8169000,1746786787.0733914
8172000,1746786787.1044078
8175000,1746786787.1382294
8178000,1746786787.1869917
8181000,1746786787.2182665
8184000,1746786787.249497
8187000,1746786787.2804503
8190000,1746786787.3139305
8193000,1746786787.344715
8196000,1746786787.3774798
8199000,1746786787.4264772
8202000,1746786787.4562452
8205000,1746786787.4899635
8208000,1746786787.5213134
8211000,1746786787.5543957
8214000,1746786787.5851717
8217000,1746786787.6193645
8220000,1746786787.64984
8223000,1746786787.6728432
8226000,1746786787.7299442
8229000,1746786787.7615833
8232000,1746786787.7915719
8235000,1746786787.825627
8238000,1746786787.8564947
8241000,1746786787.8866577
8244000,1746786787.8996632
8247000,1746786787.935224
8250000,1746786787.967223
8253000,1746786788.00023
8256000,1746786788.0322394
8259000,1746786788.0627575
8262000,1746786788.1277654
8265000,1746786788.1612868
8268000,1746786788.1732988
8271000,1746786788.2075517
8274000,1746786788.2414424
8277000,1746786788.271019
8280000,1746786788.3032215
8283000,1746786788.3352215
8286000,1746786788.3651989
8289000,1746786788.401425
8292000,1746786788.431443
8295000,1746786788.4814005
8298000,1746786788.513676
8301000,1746786788.5445583
8304000,1746786788.5783684
8307000,1746786788.6077511
8310000,1746786788.6390784
8313000,1746786788.670982
8316000,1746786788.727756
8319000,1746786788.7536416
8322000,1746786788.782062
8325000,1746786788.8163126
8328000,1746786788.848697
8331000,1746786788.8789015
8334000,1746786788.911372
8337000,1746786788.9449134
8340000,1746786788.992179
8343000,1746786789.021168
8346000,1746786789.0564983
8349000,1746786789.0884404
8352000,1746786789.1202836
8355000,1746786789.1540542
8358000,1746786789.1842744
8361000,1746786789.2179582
8364000,1746786789.2320745
8367000,1746786789.2631285
8370000,1746786789.3342934
8373000,1746786789.3691192
8376000,1746786789.4021244
8379000,1746786789.427873
8382000,1746786789.4603074
8385000,1746786789.4774644
8388000,1746786789.5060184
8391000,1746786789.5409858
8394000,1746786789.5721602
8397000,1746786789.6030357
8400000,1746786789.6339688
8403000,1746786789.6675563
8406000,1746786789.7315419
8409000,1746786789.750114
8412000,1746786789.780381
8415000,1746786789.8140507
8418000,1746786789.8440206
8421000,1746786789.8730733
8424000,1746786789.9065726
8427000,1746786789.9392617
8430000,1746786789.9711258
8433000,1746786790.0024736
8436000,1746786790.0500207
8439000,1746786790.083192
8442000,1746786790.1159236
8445000,1746786790.1473157
8448000,1746786790.1783895
8451000,1746786790.2105305
8454000,1746786790.2439704
8457000,1746786790.2894092
8460000,1746786790.320274
8463000,1746786790.3539174
8466000,1746786790.3852835
8469000,1746786790.4157863
8472000,1746786790.4460275
8475000,1746786790.4801252
8478000,1746786790.5131226
8481000,1746786790.5587168
8484000,1746786790.5907192
8487000,1746786790.6227207
8490000,1746786790.6562364
8493000,1746786790.6882365
8496000,1746786790.7212641
8499000,1746786790.750779
8502000,1746786790.782605
8505000,1746786790.7966015
8508000,1746786790.8306687
8511000,1746786790.865255
8514000,1746786790.9272697
8517000,1746786790.9591167
8520000,1746786790.9930797
8523000,1746786791.024315
8526000,1746786791.0363219
8529000,1746786791.072551
8532000,1746786791.1042492
8535000,1746786791.1351976
8538000,1746786791.1672435
8541000,1746786791.200371
8544000,1746786791.231541
8547000,1746786791.2644906
8550000,1746786791.2962809
8553000,1746786791.3440456
8556000,1746786791.377012
8559000,1746786791.407975
8562000,1746786791.4391677
8565000,1746786791.472218
8568000,1746786791.5041566
8571000,1746786791.5352917
8574000,1746786791.5669112
8577000,1746786791.6171727
8580000,1746786791.6521487
8583000,1746786791.6801603
8586000,1746786791.7122433
8589000,1746786791.7491617
8592000,1746786791.7827992
8595000,1746786791.813877
8598000,1746786791.8616495
8601000,1746786791.892053
8604000,1746786791.9254158
8607000,1746786791.9567652
8610000,1746786791.989612
8613000,1746786792.021904
8616000,1746786792.0530522
8619000,1746786792.0822926
8622000,1746786792.128548
8625000,1746786792.1601906
8628000,1746786792.193208
8631000,1746786792.2261937
8634000,1746786792.257263
8637000,1746786792.2900832
8640000,1746786792.3231537
8643000,1746786792.3554113
8646000,1746786792.3724105
8649000,1746786792.4016836
8652000,1746786792.4313712
8655000,1746786792.4639144
8658000,1746786792.5283542
8661000,1746786792.5599747
8664000,1746786792.5938137
8667000,1746786792.6079037
8670000,1746786792.6411474
8673000,1746786792.6731498
8676000,1746786792.704371
8679000,1746786792.7364087
8682000,1746786792.7659929
8685000,1746786792.7992015
8688000,1746786792.8322194
8691000,1746786792.8661516
8694000,1746786792.9123807
8697000,1746786792.9439845
8700000,1746786792.9759846
8703000,1746786793.0091455
8706000,1746786793.0403125
8709000,1746786793.0736723
8712000,1746786793.1036632
8715000,1746786793.135072
8718000,1746786793.1840746
8721000,1746786793.2160745
8724000,1746786793.248757
8727000,1746786793.2777565
8730000,1746786793.3097568
8733000,1746786793.341812
8736000,1746786793.3753948
8739000,1746786793.424398
8742000,1746786793.4550004
8745000,1746786793.4869978
8748000,1746786793.5202048
8751000,1746786793.5499182
8754000,1746786793.5835402
8757000,1746786793.6151505
8760000,1746786793.646728
8763000,1746786793.65905
8766000,1746786793.728429
8769000,1746786793.7602398
8772000,1746786793.7919328
8775000,1746786793.826112
8778000,1746786793.8560474
8781000,1746786793.88833
8784000,1746786793.9212518
8787000,1746786793.9372792
8790000,1746786793.9680288
8793000,1746786793.998338
8796000,1746786794.0310094
8799000,1746786794.064369
8802000,1746786794.1298943
8805000,1746786794.1616578
8808000,1746786794.1748798
8811000,1746786794.2086542
8814000,1746786794.2406995
8817000,1746786794.271055
8820000,1746786794.3029234
8823000,1746786794.3375602
8826000,1746786794.3679593
8829000,1746786794.399307
8832000,1746786794.4327626
8835000,1746786794.4791346
8838000,1746786794.5111065
8841000,1746786794.5436518
8844000,1746786794.5760314
8847000,1746786794.6084988
8850000,1746786794.6392028
8853000,1746786794.6733987
8856000,1746786794.7054007
8859000,1746786794.7504954
8862000,1746786794.7850173
8865000,1746786794.8150225
8868000,1746786794.8482492
8871000,1746786794.8797739
8874000,1746786794.913784
8877000,1746786794.942777
8880000,1746786794.9911332
8883000,1746786795.0231354
8886000,1746786795.0551422
8889000,1746786795.0890648
8892000,1746786795.1211777
8895000,1746786795.153012
8898000,1746786795.1865294
8901000,1746786795.2175267
8904000,1746786795.2315662
8907000,1746786795.2641041
8910000,1746786795.3260593
8913000,1746786795.3600204
8916000,1746786795.3957083
8919000,1746786795.4243987
8922000,1746786795.4558272
8925000,1746786795.4674163
8928000,1746786795.489422
8931000,1746786795.5374248
8934000,1746786795.5680568
8937000,1746786795.6001573
8940000,1746786795.63316
8943000,1746786795.66631
8946000,1746786795.7283027
8949000,1746786795.7443206
8952000,1746786795.7778606
8955000,1746786795.8078542
8958000,1746786795.838854
8961000,1746786795.8724935
8964000,1746786795.9054985
8967000,1746786795.937495
8970000,1746786795.9671206
8973000,1746786796.000121
8976000,1746786796.0481641
8979000,1746786796.0787387
8982000,1746786796.1107388
8985000,1746786796.1437407
8988000,1746786796.176031
8991000,1746786796.2089622
8994000,1746786796.2379723
8997000,1746786796.269988
9000000,1746786796.319623
9003000,1746786796.3505368
9006000,1746786796.388126
9009000,1746786796.421433
9012000,1746786796.4534948
9015000,1746786796.481073
9018000,1746786796.5164888
9021000,1746786796.55918
9024000,1746786796.5921605
9027000,1746786796.6251767
9030000,1746786796.6572607
9033000,1746786796.6882327
9036000,1746786796.7199624
9039000,1746786796.7520676
9042000,1746786796.7851942
9045000,1746786796.8001957
9048000,1746786796.83407
9051000,1746786796.864571
9054000,1746786796.929061
9057000,1746786796.9600754
9060000,1746786796.990528
9063000,1746786797.0215442
9066000,1746786797.03353
9069000,1746786797.0697033
9072000,1746786797.1043005
9075000,1746786797.1351244
9078000,1746786797.1679459
9081000,1746786797.2018094
9084000,1746786797.2352967
9087000,1746786797.2647026
9090000,1746786797.295901
9093000,1746786797.3459668
9096000,1746786797.3759248
9099000,1746786797.4085498
9102000,1746786797.4390416
9105000,1746786797.4702175
9108000,1746786797.503861
9111000,1746786797.536154
9114000,1746786797.56714
9117000,1746786797.6126473
9120000,1746786797.6481667
9123000,1746786797.6799607
9126000,1746786797.7130814
9129000,1746786797.7454681
9132000,1746786797.775979
9135000,1746786797.8090644
9138000,1746786797.8561974
9141000,1746786797.890029
9144000,1746786797.9209285
9147000,1746786797.9521682
9150000,1746786797.9851663
9153000,1746786798.0255284
9156000,1746786798.0526364
9159000,1746786798.0820222
9162000,1746786798.1324873
9165000,1746786798.1627905
9168000,1746786798.1948106
9171000,1746786798.2294662
9174000,1746786798.2598507
9177000,1746786798.2930546
9180000,1746786798.3251207
9183000,1746786798.357123
9186000,1746786798.3756936
9189000,1746786798.3991423
9192000,1746786798.431062
9195000,1746786798.4644127
9198000,1746786798.5267003
9201000,1746786798.5587027
9204000,1746786798.590296
9207000,1746786798.601297
9210000,1746786798.640295
9213000,1746786798.672302
9216000,1746786798.7038515
9219000,1746786798.733849
9222000,1746786798.7668595
9225000,1746786798.8002622
9228000,1746786798.832862
9231000,1746786798.8644364
9234000,1746786798.911378
9237000,1746786798.9445064
9240000,1746786798.9789672
9243000,1746786799.0072865
9246000,1746786799.039795
9249000,1746786799.0710385
9252000,1746786799.1048167
9255000,1746786799.1355913
9258000,1746786799.1845815
9261000,1746786799.2161086
9264000,1746786799.2474856
9267000,1746786799.2828207
9270000,1746786799.312431
9273000,1746786799.344432
9276000,1746786799.3749022
9279000,1746786799.4269202
9282000,1746786799.4549468
9285000,1746786799.488551
9288000,1746786799.5185535
9291000,1746786799.5520835
9294000,1746786799.5819218
9297000,1746786799.6130238
9300000,1746786799.6470692
9303000,1746786799.6592638
9306000,1746786799.7294822
9309000,1746786799.7594755
9312000,1746786799.7914574
9315000,1746786799.8247828
9318000,1746786799.8561275
9321000,1746786799.8883846
9324000,1746786799.9225829
9327000,1746786799.937665
9330000,1746786799.969683
9333000,1746786800.0008173
9336000,1746786800.0342171
9339000,1746786800.0644581
9342000,1746786800.1282601
9345000,1746786800.1609352
9348000,1746786800.1751137
9351000,1746786800.2083735
9354000,1746786800.2401326
9357000,1746786800.275536
9360000,1746786800.305538
9363000,1746786800.3371136
9366000,1746786800.3693192
9369000,1746786800.4003608
9372000,1746786800.4310353
9375000,1746786800.4832432
9378000,1746786800.5142343
9381000,1746786800.5432355
9384000,1746786800.575477
9387000,1746786800.6139052
9390000,1746786800.6472764
9393000,1746786800.677347
9396000,1746786800.7104366
9399000,1746786800.7579234
9402000,1746786800.7918031
9405000,1746786800.8237994
9408000,1746786800.8553333
9411000,1746786800.885322
9414000,1746786800.9132023
9417000,1746786800.9444711
9420000,1746786800.9922218
9423000,1746786801.0252342
9426000,1746786801.0572248
9429000,1746786801.0894055
9432000,1746786801.1204078
9435000,1746786801.1498783
9438000,1746786801.1829247
9441000,1746786801.2152424
9444000,1746786801.2302387
9447000,1746786801.2627516
9450000,1746786801.3283556
9453000,1746786801.3603683
9456000,1746786801.3908663
9459000,1746786801.4228704
9462000,1746786801.4548695
9465000,1746786801.487413
9468000,1746786801.5084128
9471000,1746786801.5364876
9474000,1746786801.5680885
9477000,1746786801.5988986
9480000,1746786801.6312227
9483000,1746786801.6644197
9486000,1746786801.7339635
9489000,1746786801.7499726
9492000,1746786801.776795
9495000,1746786801.8142579
9498000,1746786801.846631
9501000,1746786801.8778257
9504000,1746786801.9112318
9507000,1746786801.941439
9510000,1746786801.9754512
9513000,1746786802.0090055
9516000,1746786802.0463974
9519000,1746786802.0839508
9522000,1746786802.110971
9525000,1746786802.142944
9528000,1746786802.1751058
9531000,1746786802.207126
9534000,1746786802.2417216
9537000,1746786802.2722282
9540000,1746786802.3198009
9543000,1746786802.3555844
9546000,1746786802.3909483
9549000,1746786802.4224977
9552000,1746786802.448496
9555000,1746786802.4788918
9558000,1746786802.5180912
9561000,1746786802.567087
9564000,1746786802.5936718
9567000,1746786802.622724
9570000,1746786802.6557605
9573000,1746786802.6871595
9576000,1746786802.719441
9579000,1746786802.7534893
9582000,1746786802.7847419
9585000,1746786802.7988834
9588000,1746786802.8336165
9591000,1746786802.86363
9594000,1746786802.928236
9597000,1746786802.9592476
9600000,1746786802.9939933
9603000,1746786803.026991
9606000,1746786803.0569935
9609000,1746786803.0700037
9612000,1746786803.103335
9615000,1746786803.1350672
9618000,1746786803.1673017
9621000,1746786803.2050474
9624000,1746786803.236626
9627000,1746786803.2689326
9630000,1746786803.3026958
9633000,1746786803.3519742
9636000,1746786803.3809905
9639000,1746786803.4080453
9642000,1746786803.4456515
9645000,1746786803.4748917
9648000,1746786803.5114317
9651000,1746786803.5416873
9654000,1746786803.571188
9657000,1746786803.6197796
9660000,1746786803.6518886
9663000,1746786803.6844225
9666000,1746786803.7132342
9669000,1746786803.74624
9672000,1746786803.7772503
9675000,1746786803.8087015
9678000,1746786803.8406901
9681000,1746786803.8922334
9684000,1746786803.921235
9687000,1746786803.9542336
9690000,1746786803.989841
9693000,1746786804.0208454
9696000,1746786804.0478404
9699000,1746786804.0808544
9702000,1746786804.1303763
9705000,1746786804.1593814
9708000,1746786804.1914976
9711000,1746786804.2284997
9714000,1746786804.2640893
9717000,1746786804.2967594
9720000,1746786804.3220835
9723000,1746786804.3536975
9726000,1746786804.3639202
9729000,1746786804.4028583
9732000,1746786804.4375298
9735000,1746786804.4665637
9738000,1746786804.5315223
9741000,1746786804.5647817
9744000,1746786804.5962405
9747000,1746786804.611237
9750000,1746786804.6282394
9753000,1746786804.674555
9756000,1746786804.7063262
9759000,1746786804.738495
9762000,1746786804.7692387
9765000,1746786804.8000278
9768000,1746786804.8361778
9771000,1746786804.8742578
9774000,1746786804.9143515
9777000,1746786804.9455504
9780000,1746786804.9768326
9783000,1746786805.0064936
9786000,1746786805.0405684
9789000,1746786805.0751507
9792000,1746786805.104284
9795000,1746786805.1339998
9798000,1746786805.1846247
9801000,1746786805.2166395
9804000,1746786805.2480488
9807000,1746786805.282446
9810000,1746786805.3125458
9813000,1746786805.3452785
9816000,1746786805.3762896
9819000,1746786805.4079707
9822000,1746786805.4557116
9825000,1746786805.4863727
9828000,1746786805.5211077
9831000,1746786805.562129
9834000,1746786805.5967095
9837000,1746786805.6296406
9840000,1746786805.6606598
9843000,1746786805.6817982
9846000,1746786805.736206
9849000,1746786805.7657592
9852000,1746786805.7975914
9855000,1746786805.8255987
9858000,1746786805.8551586
9861000,1746786805.888661
9864000,1746786805.9200714
9867000,1746786805.932233
9870000,1746786805.9669824
