frame_count,arrival_time
0,1746452873.7247438
3000,1746452873.7330472
6000,1746452873.7453673
9000,1746452873.7865744
12000,1746452873.8238883
15000,1746452873.869739
18000,1746452873.8752956
21000,1746452873.9011207
24000,1746452873.9064186
27000,1746452873.98608
30000,1746452873.9887424
33000,1746452874.0221422
36000,1746452874.0566597
39000,1746452874.0902414
42000,1746452874.0961468
45000,1746452874.1224177
48000,1746452874.1530578
51000,1746452874.1971622
54000,1746452874.2292757
57000,1746452874.2592566
60000,1746452874.2859092
63000,1746452874.3166397
66000,1746452874.3368688
69000,1746452874.372307
72000,1746452874.4116666
75000,1746452874.4410975
78000,1746452874.495261
81000,1746452874.5196135
84000,1746452874.5599108
87000,1746452874.5854876
90000,1746452874.6187513
93000,1746452874.6504538
96000,1746452874.677892
99000,1746452874.704016
102000,1746452874.7463832
105000,1746452874.77559
108000,1746452874.8015282
111000,1746452874.8258393
114000,1746452874.8864748
117000,1746452874.9367454
120000,1746452874.9486043
123000,1746452874.9804056
126000,1746452875.0187361
129000,1746452875.0393653
132000,1746452875.079996
135000,1746452875.1061957
138000,1746452875.1296747
141000,1746452875.1755953
144000,1746452875.2056537
147000,1746452875.2302995
150000,1746452875.2590377
153000,1746452875.2815306
156000,1746452875.3537433
159000,1746452875.3920197
162000,1746452875.4370723
165000,1746452875.4650183
168000,1746452875.467774
171000,1746452875.5289128
174000,1746452875.5315232
177000,1746452875.578854
180000,1746452875.591136
183000,1746452875.6287525
186000,1746452875.6588297
189000,1746452875.6849806
192000,1746452875.739155
195000,1746452875.7693784
198000,1746452875.8112173
201000,1746452875.8466206
204000,1746452875.8793654
207000,1746452875.9161375
210000,1746452875.9411066
213000,1746452875.9788773
216000,1746452876.0162356
219000,1746452876.0580199
222000,1746452876.068715
225000,1746452876.11624
228000,1746452876.1304948
231000,1746452876.196281
234000,1746452876.2060442
237000,1746452876.2393634
240000,1746452876.3060703
243000,1746452876.308382
246000,1746452876.3385975
249000,1746452876.36928
252000,1746452876.3990028
255000,1746452876.4264352
258000,1746452876.4510074
261000,1746452876.504104
264000,1746452876.529073
267000,1746452876.5642338
270000,1746452876.5995417
273000,1746452876.6585999
276000,1746452876.6840346
279000,1746452876.7093928
282000,1746452876.7490497
285000,1746452876.7841887
288000,1746452876.8167384
291000,1746452876.8571436
294000,1746452876.8820214
297000,1746452876.9056973
300000,1746452876.9401996
303000,1746452876.963522
306000,1746452876.9917977
309000,1746452877.0243952
312000,1746452877.1038923
315000,1746452877.1061792
318000,1746452877.1559253
321000,1746452877.2001588
324000,1746452877.20333
327000,1746452877.2258253
330000,1746452877.2835746
333000,1746452877.3105962
336000,1746452877.3585148
339000,1746452877.369978
342000,1746452877.4573283
345000,1746452877.4968884
348000,1746452877.499178
351000,1746452877.5298796
354000,1746452877.5607023
357000,1746452877.5629704
360000,1746452877.6238122
363000,1746452877.672221
366000,1746452877.6750565
369000,1746452877.716196
372000,1746452877.747421
375000,1746452877.7818139
378000,1746452877.8415744
381000,1746452877.8901474
384000,1746452877.9317257
387000,1746452877.9338121
390000,1746452877.9667184
393000,1746452877.9963672
396000,1746452878.0364978
399000,1746452878.0666356
402000,1746452878.1093044
405000,1746452878.1261387
408000,1746452878.197425
411000,1746452878.2250566
414000,1746452878.2384486
417000,1746452878.2650359
420000,1746452878.3272223
423000,1746452878.3699694
426000,1746452878.3719265
429000,1746452878.4057558
432000,1746452878.4365752
435000,1746452878.4765365
438000,1746452878.4996288
441000,1746452878.5044692
444000,1746452878.556605
447000,1746452878.5812008
450000,1746452878.647101
453000,1746452878.6775992
456000,1746452878.7159934
459000,1746452878.7505405
462000,1746452878.7532716
465000,1746452878.783542
468000,1746452878.8293498
471000,1746452878.8841386
474000,1746452878.8872359
477000,1746452878.9196293
480000,1746452878.9488974
483000,1746452878.9903514
486000,1746452879.0710342
489000,1746452879.0735443
492000,1746452879.1062148
495000,1746452879.138525
498000,1746452879.168122
501000,1746452879.1894898
504000,1746452879.215506
507000,1746452879.2580116
510000,1746452879.2900627
513000,1746452879.3362055
516000,1746452879.3662846
519000,1746452879.416788
522000,1746452879.446671
525000,1746452879.4802947
528000,1746452879.5164568
531000,1746452879.5460615
534000,1746452879.6360936
537000,1746452879.6752713
540000,1746452879.7164462
543000,1746452879.7437067
546000,1746452879.7463043
549000,1746452879.8167987
552000,1746452879.8360336
555000,1746452879.8403893
558000,1746452879.8804626
561000,1746452879.9061613
564000,1746452879.956697
567000,1746452879.9756541
570000,1746452880.0034747
573000,1746452880.0243394
576000,1746452880.0768723
579000,1746452880.079423
582000,1746452880.143772
585000,1746452880.1793022
588000,1746452880.2178226
591000,1746452880.2568147
594000,1746452880.2747154
597000,1746452880.3167229
600000,1746452880.344298
603000,1746452880.3795938
606000,1746452880.4195867
609000,1746452880.4471996
612000,1746452880.4742715
615000,1746452880.5108151
618000,1746452880.545396
621000,1746452880.5735233
624000,1746452880.6037729
627000,1746452880.6468244
630000,1746452880.6978166
633000,1746452880.7376878
636000,1746452880.7766578
639000,1746452880.8067336
642000,1746452880.83503
645000,1746452880.865134
648000,1746452880.9094086
651000,1746452880.9368453
654000,1746452881.0158045
657000,1746452881.0451634
660000,1746452881.0707502
663000,1746452881.1058311
666000,1746452881.1328905
669000,1746452881.1630309
672000,1746452881.1990662
675000,1746452881.2237735
678000,1746452881.2516837
681000,1746452881.2910776
684000,1746452881.3192933
687000,1746452881.343512
690000,1746452881.4105096
693000,1746452881.4181557
696000,1746452881.4790757
699000,1746452881.5086572
702000,1746452881.5310695
705000,1746452881.5643895
708000,1746452881.6290538
711000,1746452881.6315866
714000,1746452881.672467
717000,1746452881.7176933
720000,1746452881.7219172
723000,1746452881.7440562
726000,1746452881.7789803
729000,1746452881.8293252
732000,1746452881.8608234
735000,1746452881.888599
738000,1746452881.9212132
741000,1746452881.958645
744000,1746452881.9962246
747000,1746452882.0315015
750000,1746452882.0621169
753000,1746452882.0964305
756000,1746452882.1258914
759000,1746452882.1762383
762000,1746452882.2077122
765000,1746452882.2318676
768000,1746452882.265153
771000,1746452882.3000782
774000,1746452882.3264153
777000,1746452882.3641078
780000,1746452882.3890016
783000,1746452882.4137504
786000,1746452882.4415417
789000,1746452882.4841871
792000,1746452882.5086432
795000,1746452882.576285
798000,1746452882.6573014
801000,1746452882.6603556
804000,1746452882.689012
807000,1746452882.7359216
810000,1746452882.7760391
813000,1746452882.8070047
816000,1746452882.8097546
819000,1746452882.841063
822000,1746452882.8687193
825000,1746452882.9018178
828000,1746452882.9496462
831000,1746452882.9694593
834000,1746452882.9963183
837000,1746452883.031821
840000,1746452883.068248
843000,1746452883.08603
846000,1746452883.1178534
849000,1746452883.1785362
852000,1746452883.2092202
855000,1746452883.229069
858000,1746452883.2710137
861000,1746452883.2861054
864000,1746452883.3237474
867000,1746452883.3572893
870000,1746452883.388748
873000,1746452883.4364767
876000,1746452883.4644704
879000,1746452883.5086553
882000,1746452883.5141995
885000,1746452883.575977
888000,1746452883.5873606
891000,1746452883.6271915
894000,1746452883.6657834
897000,1746452883.6894948
900000,1746452883.7567093
903000,1746452883.7596962
906000,1746452883.7983012
909000,1746452883.82085
912000,1746452883.8641484
915000,1746452883.8963656
918000,1746452883.9241667
921000,1746452883.9458766
924000,1746452883.9970162
927000,1746452884.0223026
930000,1746452884.050449
933000,1746452884.0801506
936000,1746452884.1337576
939000,1746452884.1967018
942000,1746452884.2112586
945000,1746452884.2642155
948000,1746452884.3317764
951000,1746452884.3645833
954000,1746452884.4336
957000,1746452884.4782658
960000,1746452884.4815896
963000,1746452884.51815
966000,1746452884.5413156
969000,1746452884.5997126
972000,1746452884.6295063
975000,1746452884.6654751
978000,1746452884.6964407
981000,1746452884.7165332
984000,1746452884.7444413
987000,1746452884.7802083
990000,1746452884.8394942
993000,1746452884.8678923
996000,1746452884.9098406
999000,1746452884.959207
1002000,1746452884.9765072
1005000,1746452885.005077
1008000,1746452885.0853274
1011000,1746452885.093541
1014000,1746452885.1092732
1017000,1746452885.1491904
1020000,1746452885.1838698
1023000,1746452885.1884878
1026000,1746452885.228072
1029000,1746452885.24163
1032000,1746452885.3057866
1035000,1746452885.3316479
1038000,1746452885.3644736
1041000,1746452885.4022765
1044000,1746452885.4300718
1047000,1746452885.471647
1050000,1746452885.509524
1053000,1746452885.549991
1056000,1746452885.5764837
1059000,1746452885.5798335
1062000,1746452885.6117089
1065000,1746452885.6207705
1068000,1746452885.6988537
1071000,1746452885.7308114
1074000,1746452885.7448392
1077000,1746452885.7865927
1080000,1746452885.8051672
1083000,1746452885.837195
1086000,1746452885.9049058
1089000,1746452885.9100769
1092000,1746452885.936386
1095000,1746452885.9718053
1098000,1746452886.0067906
1101000,1746452886.0389209
1104000,1746452886.0568457
1107000,1746452886.137105
1110000,1746452886.1775072
1113000,1746452886.200512
1116000,1746452886.2055123
1119000,1746452886.2573988
1122000,1746452886.2968946
1125000,1746452886.3125205
1128000,1746452886.3515837
1131000,1746452886.3694224
1134000,1746452886.3964956
1137000,1746452886.4370563
1140000,1746452886.4882677
1143000,1746452886.4933841
1146000,1746452886.559241
1149000,1746452886.5973685
1152000,1746452886.636864
1155000,1746452886.64039
1158000,1746452886.6748686
1161000,1746452886.7036078
1164000,1746452886.7357254
1167000,1746452886.769184
1170000,1746452886.8038661
1173000,1746452886.8578713
1176000,1746452886.862165
1179000,1746452886.8887312
1182000,1746452886.9300818
1185000,1746452886.9744298
1188000,1746452887.0083294
1191000,1746452887.0721178
1194000,1746452887.0752277
1197000,1746452887.1019216
1200000,1746452887.1344082
1203000,1746452887.1767666
1206000,1746452887.19905
1209000,1746452887.231757
1212000,1746452887.2598588
1215000,1746452887.297328
1218000,1746452887.3325503
1221000,1746452887.3540554
1224000,1746452887.4176755
1227000,1746452887.4556804
1230000,1746452887.4801507
1233000,1746452887.5048575
1236000,1746452887.5418935
1239000,1746452887.5852833
1242000,1746452887.6279716
1245000,1746452887.6614459
1248000,1746452887.6920085
1251000,1746452887.7353404
1254000,1746452887.7382755
1257000,1746452887.7720327
1260000,1746452887.8169804
1263000,1746452887.8491027
1266000,1746452887.8770328
1269000,1746452887.8994353
1272000,1746452887.936139
1275000,1746452887.971616
1278000,1746452888.0018508
1281000,1746452888.0308251
1284000,1746452888.0634453
1287000,1746452888.094281
1290000,1746452888.1265507
1293000,1746452888.1592638
1296000,1746452888.1873076
1299000,1746452888.2270505
1302000,1746452888.2697175
1305000,1746452888.306796
1308000,1746452888.3336008
1311000,1746452888.36901
1314000,1746452888.4142718
1317000,1746452888.4555213
1320000,1746452888.4846518
1323000,1746452888.5497794
1326000,1746452888.5710206
1329000,1746452888.6088097
1332000,1746452888.6441896
1335000,1746452888.6697166
1338000,1746452888.705713
1341000,1746452888.7553074
1344000,1746452888.791382
1347000,1746452888.81952
1350000,1746452888.8520148
1353000,1746452888.8756907
1356000,1746452888.8938332
1359000,1746452888.9276178
1362000,1746452888.9636798
1365000,1746452889.0011897
1368000,1746452889.0396652
1371000,1746452889.0791335
1374000,1746452889.1061325
1377000,1746452889.1502314
1380000,1746452889.1913238
1383000,1746452889.2253628
1386000,1746452889.2599862
1389000,1746452889.2972183
1392000,1746452889.3001063
1395000,1746452889.3240504
1398000,1746452889.3567033
1401000,1746452889.3966646
1404000,1746452889.4361532
1407000,1746452889.4718258
1410000,1746452889.528443
1413000,1746452889.5467253
1416000,1746452889.5790749
1419000,1746452889.6034694
1422000,1746452889.6642318
1425000,1746452889.6944578
1428000,1746452889.6983461
1431000,1746452889.729222
1434000,1746452889.7584763
1437000,1746452889.7870727
1440000,1746452889.8315322
1443000,1746452889.872268
1446000,1746452889.9014614
1449000,1746452889.9395092
1452000,1746452889.9702725
1455000,1746452889.9962542
1458000,1746452889.9992366
1461000,1746452890.0237355
1464000,1746452890.0596454
1467000,1746452890.0871203
1470000,1746452890.1303334
1473000,1746452890.171679
1476000,1746452890.2242868
1479000,1746452890.2553313
1482000,1746452890.2761548
1485000,1746452890.3513603
1488000,1746452890.3540316
1491000,1746452890.3914638
1494000,1746452890.393861
1497000,1746452890.4293487
1500000,1746452890.4690614
1503000,1746452890.5164547
1506000,1746452890.5356674
1509000,1746452890.569966
1512000,1746452890.6480544
1515000,1746452890.68392
1518000,1746452890.686702
1521000,1746452890.7516634
1524000,1746452890.7544289
1527000,1746452890.7973933
1530000,1746452890.8315516
1533000,1746452890.8340569
1536000,1746452890.8588762
1539000,1746452890.9113667
1542000,1746452890.9259024
1545000,1746452890.9520843
1548000,1746452891.0542998
1551000,1746452891.0574038
1554000,1746452891.0812576
1557000,1746452891.1083121
1560000,1746452891.1485329
1563000,1746452891.2185988
1566000,1746452891.2491608
1569000,1746452891.289608
1572000,1746452891.3240578
1575000,1746452891.34332
1578000,1746452891.377446
1581000,1746452891.4167025
1584000,1746452891.444067
1587000,1746452891.4971702
1590000,1746452891.5322156
1593000,1746452891.5564344
1596000,1746452891.5974312
1599000,1746452891.6217015
1602000,1746452891.662277
1605000,1746452891.696254
1608000,1746452891.7248113
1611000,1746452891.760485
1614000,1746452891.7962763
1617000,1746452891.8597472
1620000,1746452891.8632367
1623000,1746452891.920247
1626000,1746452891.9463446
1629000,1746452891.99189
1632000,1746452892.0263238
1635000,1746452892.043146
1638000,1746452892.071133
1641000,1746452892.1095924
1644000,1746452892.1374
1647000,1746452892.1616237
1650000,1746452892.1906683
1653000,1746452892.2366183
1656000,1746452892.2563148
1659000,1746452892.287269
1662000,1746452892.2992501
1665000,1746452892.326646
1668000,1746452892.3574827
1671000,1746452892.3860445
1674000,1746452892.4246387
1677000,1746452892.454339
1680000,1746452892.4868102
1683000,1746452892.5321229
1686000,1746452892.5612552
1689000,1746452892.5914779
1692000,1746452892.6374643
1695000,1746452892.6715465
1698000,1746452892.7166097
1701000,1746452892.7496345
1704000,1746452892.7812295
1707000,1746452892.8117926
1710000,1746452892.8563075
1713000,1746452892.8940454
1716000,1746452892.9282498
1719000,1746452892.956799
1722000,1746452892.96009
1725000,1746452892.9709682
1728000,1746452893.0364716
1731000,1746452893.0633712
1734000,1746452893.0909686
1737000,1746452893.1218152
1740000,1746452893.158776
1743000,1746452893.1900446
1746000,1746452893.2301297
1749000,1746452893.2573075
1752000,1746452893.2731273
1755000,1746452893.3090713
1758000,1746452893.3467193
1761000,1746452893.3767877
1764000,1746452893.4169102
1767000,1746452893.4936905
1770000,1746452893.4970737
1773000,1746452893.5201755
1776000,1746452893.5472655
1779000,1746452893.6120539
1782000,1746452893.616605
1785000,1746452893.639714
1788000,1746452893.6897361
1791000,1746452893.7218301
1794000,1746452893.7538557
1797000,1746452893.7908175
1800000,1746452893.8423784
1803000,1746452893.8455024
1806000,1746452893.9088998
1809000,1746452893.9181201
1812000,1746452893.9610448
1815000,1746452893.9869175
1818000,1746452894.0076847
1821000,1746452894.066222
1824000,1746452894.092244
1827000,1746452894.1295009
1830000,1746452894.162259
1833000,1746452894.1822727
1836000,1746452894.2164865
1839000,1746452894.2441292
1842000,1746452894.2742302
1845000,1746452894.3299065
1848000,1746452894.3853118
1851000,1746452894.4138377
1854000,1746452894.4497268
1857000,1746452894.490378
1860000,1746452894.516833
1863000,1746452894.5627007
1866000,1746452894.5915444
1869000,1746452894.6244683
1872000,1746452894.6670601
1875000,1746452894.7046006
1878000,1746452894.7667792
1881000,1746452894.7786784
1884000,1746452894.81963
1887000,1746452894.856703
1890000,1746452894.9096966
1893000,1746452894.956822
1896000,1746452894.970313
1899000,1746452895.0072863
1902000,1746452895.0338314
1905000,1746452895.1557271
1908000,1746452895.1598058
1911000,1746452895.1635067
1914000,1746452895.1668165
1917000,1746452895.1702924
1920000,1746452895.1956158
1923000,1746452895.2250402
1926000,1746452895.2568119
1929000,1746452895.2663116
1932000,1746452895.3053885
1935000,1746452895.3420224
1938000,1746452895.3673089
1941000,1746452895.4086726
1944000,1746452895.437547
1947000,1746452895.4684482
1950000,1746452895.5094295
1953000,1746452895.5368593
1956000,1746452895.599069
1959000,1746452895.6377783
1962000,1746452895.6636543
1965000,1746452895.696979
1968000,1746452895.737131
1971000,1746452895.766584
1974000,1746452895.7962606
1977000,1746452895.8573508
1980000,1746452895.8794086
1983000,1746452895.913093
1986000,1746452895.9417448
1989000,1746452895.9761355
1992000,1746452896.004815
1995000,1746452896.043741
1998000,1746452896.0992146
2001000,1746452896.1339304
2004000,1746452896.1504798
2007000,1746452896.1997013
2010000,1746452896.225026
2013000,1746452896.2591949
2016000,1746452896.3287642
2019000,1746452896.367654
2022000,1746452896.3702874
2025000,1746452896.4021485
2028000,1746452896.4346445
2031000,1746452896.4772916
2034000,1746452896.4806352
2037000,1746452896.5166917
2040000,1746452896.5341768
2043000,1746452896.5369675
2046000,1746452896.5770252
2049000,1746452896.6146293
2052000,1746452896.617453
2055000,1746452896.6488557
2058000,1746452896.6872072
2061000,1746452896.7140331
2064000,1746452896.7557633
2067000,1746452896.7862642
2070000,1746452896.8264172
2073000,1746452896.8301737
2076000,1746452896.8686347
2079000,1746452896.9489846
2082000,1746452896.9684033
2085000,1746452896.9709764
2088000,1746452897.006031
2091000,1746452897.0357006
2094000,1746452897.0687401
2097000,1746452897.0993414
2100000,1746452897.137154
2103000,1746452897.1698859
2106000,1746452897.2191548
2109000,1746452897.224202
2112000,1746452897.2560625
2115000,1746452897.3263435
2118000,1746452897.3552625
2121000,1746452897.3785102
2124000,1746452897.409153
2127000,1746452897.43879
2130000,1746452897.4952395
2133000,1746452897.5234973
2136000,1746452897.5557618
2139000,1746452897.582109
2142000,1746452897.6232073
2145000,1746452897.6516478
2148000,1746452897.68946
2151000,1746452897.7283857
2154000,1746452897.7597485
2157000,1746452897.7975163
2160000,1746452897.8245897
2163000,1746452897.8640585
2166000,1746452897.8805304
2169000,1746452897.920595
2172000,1746452897.95145
2175000,1746452897.9961944
2178000,1746452898.0235102
2181000,1746452898.096276
2184000,1746452898.1005015
2187000,1746452898.1242487
2190000,1746452898.162228
2193000,1746452898.195987
2196000,1746452898.2240393
2199000,1746452898.2859087
2202000,1746452898.3163784
2205000,1746452898.3434732
2208000,1746452898.388725
2211000,1746452898.4271162
2214000,1746452898.463769
2217000,1746452898.5062344
2220000,1746452898.509776
2223000,1746452898.5412047
2226000,1746452898.5745995
2229000,1746452898.6066911
2232000,1746452898.637106
2235000,1746452898.6680174
2238000,1746452898.7061718
2241000,1746452898.744608
2244000,1746452898.7784178
2247000,1746452898.8165174
2250000,1746452898.83832
2253000,1746452898.8840299
2256000,1746452898.9133584
2259000,1746452898.9489348
2262000,1746452898.981096
2265000,1746452899.0177507
2268000,1746452899.04965
2271000,1746452899.0840359
2274000,1746452899.1222632
2277000,1746452899.1441948
2280000,1746452899.1818464
2283000,1746452899.2254982
2286000,1746452899.2567992
2289000,1746452899.292545
2292000,1746452899.3364263
2295000,1746452899.3646371
2298000,1746452899.3885853
2301000,1746452899.4266737
2304000,1746452899.478918
2307000,1746452899.515729
2310000,1746452899.5438013
2313000,1746452899.5688787
2316000,1746452899.6238399
2319000,1746452899.672264
2322000,1746452899.703801
2325000,1746452899.7368104
2328000,1746452899.7660697
2331000,1746452899.7994285
2334000,1746452899.803136
2337000,1746452899.8228242
2340000,1746452899.8987486
2343000,1746452899.9034984
2346000,1746452899.9359164
2349000,1746452899.9478993
2352000,1746452899.9624581
2355000,1746452899.9932566
2358000,1746452900.050755
2361000,1746452900.0533724
2364000,1746452900.0888796
2367000,1746452900.091421
2370000,1746452900.1144466
2373000,1746452900.1633835
2376000,1746452900.2374513
2379000,1746452900.2711294
2382000,1746452900.312433
2385000,1746452900.3147686
2388000,1746452900.326059
2391000,1746452900.360859
2394000,1746452900.388617
2397000,1746452900.4293115
2400000,1746452900.4596815
2403000,1746452900.4885414
2406000,1746452900.5285797
2409000,1746452900.5691495
2412000,1746452900.638798
2415000,1746452900.6661756
2418000,1746452900.690879
2421000,1746452900.7309852
2424000,1746452900.7333314
2427000,1746452900.75362
2430000,1746452900.7988214
2433000,1746452900.8188126
2436000,1746452900.8855996
2439000,1746452900.9189928
2442000,1746452900.9442866
2445000,1746452900.9671643
2448000,1746452901.0292327
2451000,1746452901.058797
2454000,1746452901.1290162
2457000,1746452901.1318526
2460000,1746452901.158881
2463000,1746452901.1957052
2466000,1746452901.2358449
2469000,1746452901.2637262
2472000,1746452901.3157053
2475000,1746452901.3558137
2478000,1746452901.3735461
2481000,1746452901.398225
2484000,1746452901.470689
2487000,1746452901.4813633
2490000,1746452901.5107224
2493000,1746452901.5413072
2496000,1746452901.6158426
2499000,1746452901.6181893
2502000,1746452901.648173
2505000,1746452901.6893752
2508000,1746452901.729476
2511000,1746452901.768743
2514000,1746452901.8058145
2517000,1746452901.8333275
2520000,1746452901.871361
2523000,1746452901.909607
2526000,1746452901.9441345
2529000,1746452901.9502428
2532000,1746452901.9885406
2535000,1746452902.0217488
2538000,1746452902.0895298
2541000,1746452902.11885
2544000,1746452902.1231813
2547000,1746452902.1862452
2550000,1746452902.222322
2553000,1746452902.2565856
2556000,1746452902.285987
2559000,1746452902.3172896
2562000,1746452902.351293
2565000,1746452902.3837798
2568000,1746452902.4134333
2571000,1746452902.464087
2574000,1746452902.4989727
2577000,1746452902.5188642
2580000,1746452902.5684407
2583000,1746452902.5816052
2586000,1746452902.6138282
2589000,1746452902.6784093
2592000,1746452902.6821566
2595000,1746452902.7493203
2598000,1746452902.7813933
2601000,1746452902.8076224
2604000,1746452902.828219
2607000,1746452902.9035144
2610000,1746452902.9130597
2613000,1746452902.9400933
2616000,1746452902.9637747
2619000,1746452903.0562377
2622000,1746452903.093619
2625000,1746452903.1282835
2628000,1746452903.1659899
2631000,1746452903.2165349
2634000,1746452903.2432454
2637000,1746452903.2601364
2640000,1746452903.3068507
2643000,1746452903.3093061
2646000,1746452903.3454869
2649000,1746452903.3478057
2652000,1746452903.3988297
2655000,1746452903.4246988
2658000,1746452903.4662511
2661000,1746452903.4932735
2664000,1746452903.5260098
2667000,1746452903.5466325
2670000,1746452903.5853872
2673000,1746452903.6031497
2676000,1746452903.6572785
2679000,1746452903.6896684
2682000,1746452903.704165
2685000,1746452903.7428231
2688000,1746452903.7545547
2691000,1746452903.8412488
2694000,1746452903.8767083
2697000,1746452903.917345
2700000,1746452903.9488509
2703000,1746452903.951045
2706000,1746452903.99639
2709000,1746452904.0261848
2712000,1746452904.050767
2715000,1746452904.0868952
2718000,1746452904.1158829
2721000,1746452904.1511605
2724000,1746452904.1760323
2727000,1746452904.2340755
2730000,1746452904.2693365
2733000,1746452904.3087707
2736000,1746452904.3453407
2739000,1746452904.3737664
2742000,1746452904.4035451
2745000,1746452904.4476464
2748000,1746452904.4803607
2751000,1746452904.5493114
2754000,1746452904.5517948
2757000,1746452904.5844512
2760000,1746452904.6194193
2763000,1746452904.6590397
2766000,1746452904.6856153
2769000,1746452904.7162864
2772000,1746452904.7458167
2775000,1746452904.7906451
2778000,1746452904.807363
2781000,1746452904.8489265
2784000,1746452904.8890932
2787000,1746452904.9266195
2790000,1746452904.9513397
2793000,1746452904.9843662
2796000,1746452905.015463
2799000,1746452905.0769832
2802000,1746452905.0855968
2805000,1746452905.1261175
2808000,1746452905.1698356
2811000,1746452905.1962621
2814000,1746452905.2656424
2817000,1746452905.2682543
2820000,1746452905.3257103
2823000,1746452905.3578072
2826000,1746452905.385215
2829000,1746452905.4198189
2832000,1746452905.4787502
2835000,1746452905.4988294
2838000,1746452905.5543356
2841000,1746452905.5871482
2844000,1746452905.606113
2847000,1746452905.644874
2850000,1746452905.7044427
2853000,1746452905.7211938
2856000,1746452905.7694292
2859000,1746452905.8046422
2862000,1746452905.8290293
2865000,1746452905.8819034
2868000,1746452905.9116836
2871000,1746452905.949133
2874000,1746452905.984393
2877000,1746452906.0175424
2880000,1746452906.0743642
2883000,1746452906.1122432
2886000,1746452906.1319056
2889000,1746452906.1587627
2892000,1746452906.2264135
2895000,1746452906.2437158
2898000,1746452906.286419
2901000,1746452906.3489194
2904000,1746452906.3687541
2907000,1746452906.4162004
2910000,1746452906.447089
2913000,1746452906.474784
2916000,1746452906.5245554
2919000,1746452906.538368
2922000,1746452906.5487802
2925000,1746452906.5607762
2928000,1746452906.586384
2931000,1746452906.6091785
2934000,1746452906.6564062
2937000,1746452906.6716745
2940000,1746452906.6895192
2943000,1746452906.7082136
2946000,1746452906.7358775
2949000,1746452906.775862
2952000,1746452906.8016453
2955000,1746452906.8600204
2958000,1746452906.8821585
2961000,1746452906.9112499
2964000,1746452906.9494252
2967000,1746452906.9837267
2970000,1746452907.023895
2973000,1746452907.049536
2976000,1746452907.0630274
2979000,1746452907.1187627
2982000,1746452907.1378858
2985000,1746452907.1618962
2988000,1746452907.2218764
2991000,1746452907.259807
2994000,1746452907.2966099
2997000,1746452907.3028815
3000000,1746452907.3484151
3003000,1746452907.3812046
3006000,1746452907.4008505
3009000,1746452907.4361124
3012000,1746452907.4765515
3015000,1746452907.5048373
3018000,1746452907.5388708
3021000,1746452907.577279
3024000,1746452907.604298
3027000,1746452907.6316786
3030000,1746452907.7113552
3033000,1746452907.713916
3036000,1746452907.7467747
3039000,1746452907.7863147
3042000,1746452907.8087204
3045000,1746452907.8636243
3048000,1746452907.8951068
3051000,1746452907.9362538
3054000,1746452907.97463
3057000,1746452908.01202
3060000,1746452908.0469341
3063000,1746452908.0762293
3066000,1746452908.1156754
3069000,1746452908.149282
3072000,1746452908.1814265
3075000,1746452908.2412112
3078000,1746452908.2637682
3081000,1746452908.301265
3084000,1746452908.3317266
3087000,1746452908.363802
3090000,1746452908.3961625
3093000,1746452908.4293058
3096000,1746452908.4662209
3099000,1746452908.5098083
3102000,1746452908.5503185
3105000,1746452908.584073
3108000,1746452908.6141343
3111000,1746452908.6489956
3114000,1746452908.684265
3117000,1746452908.7041621
3120000,1746452908.7480347
3123000,1746452908.779174
3126000,1746452908.8065307
3129000,1746452908.8472245
3132000,1746452908.8709302
3135000,1746452908.9063282
3138000,1746452908.9466252
3141000,1746452908.989378
3144000,1746452909.0358222
3147000,1746452909.0696409
3150000,1746452909.1012332
3153000,1746452909.1318014
3156000,1746452909.164697
3159000,1746452909.1930625
3162000,1746452909.2233253
3165000,1746452909.2680612
3168000,1746452909.2978008
3171000,1746452909.3687134
3174000,1746452909.3834403
3177000,1746452909.4141815
3180000,1746452909.4768546
3183000,1746452909.4932745
3186000,1746452909.5234733
3189000,1746452909.584005
3192000,1746452909.603356
3195000,1746452909.6673684
3198000,1746452909.7020476
3201000,1746452909.7235332
3204000,1746452909.7762475
3207000,1746452909.8014715
3210000,1746452909.8716376
3213000,1746452909.880651
3216000,1746452909.9138994
3219000,1746452909.9818501
3222000,1746452910.0118153
3225000,1746452910.0468478
3228000,1746452910.0759118
3231000,1746452910.1442952
3234000,1746452910.165759
3237000,1746452910.1937327
3240000,1746452910.2341003
3243000,1746452910.2718823
3246000,1746452910.2772725
3249000,1746452910.3022215
3252000,1746452910.3312159
3255000,1746452910.3702347
3258000,1746452910.401697
3261000,1746452910.4336736
3264000,1746452910.4693847
3267000,1746452910.4988678
3270000,1746452910.5286355
3273000,1746452910.560927
3276000,1746452910.6421523
3279000,1746452910.6667554
3282000,1746452910.6688728
3285000,1746452910.7288315
3288000,1746452910.762865
3291000,1746452910.766414
3294000,1746452910.7978518
3297000,1746452910.8594437
3300000,1746452910.8624904
3303000,1746452910.8945596
3306000,1746452910.9222088
3309000,1746452910.9690816
3312000,1746452911.0302067
3315000,1746452911.0611827
3318000,1746452911.0968935
3321000,1746452911.120273
3324000,1746452911.1564932
3327000,1746452911.1888883
3330000,1746452911.2227519
3333000,1746452911.2262409
3336000,1746452911.261887
3339000,1746452911.3050733
3342000,1746452911.3443177
3345000,1746452911.35406
3348000,1746452911.441725
3351000,1746452911.5065608
3354000,1746452911.534291
3357000,1746452911.556213
3360000,1746452911.588132
3363000,1746452911.6309938
3366000,1746452911.664151
3369000,1746452911.7243772
3372000,1746452911.7564542
3375000,1746452911.7889245
3378000,1746452911.829676
3381000,1746452911.863841
3384000,1746452911.90328
3387000,1746452911.9321668
3390000,1746452911.9676778
3393000,1746452912.0167162
3396000,1746452912.0577066
3399000,1746452912.124315
3402000,1746452912.1272445
3405000,1746452912.1842008
3408000,1746452912.2179282
3411000,1746452912.2836192
3414000,1746452912.2852056
3417000,1746452912.3493037
3420000,1746452912.353094
3423000,1746452912.4300382
3426000,1746452912.433054
3429000,1746452912.486592
3432000,1746452912.5226517
3435000,1746452912.52765
3438000,1746452912.5590553
3441000,1746452912.5909944
3444000,1746452912.6164966
3447000,1746452912.6257086
3450000,1746452912.6559007
3453000,1746452912.6961675
3456000,1746452912.7299068
3459000,1746452912.7776237
3462000,1746452912.813295
3465000,1746452912.8153768
3468000,1746452912.8501143
3471000,1746452912.8962271
3474000,1746452912.9238768
3477000,1746452912.9494185
3480000,1746452912.997093
3483000,1746452913.0694666
3486000,1746452913.117022
3489000,1746452913.1493464
3492000,1746452913.1634557
3495000,1746452913.1965234
3498000,1746452913.2699764
3501000,1746452913.2838595
3504000,1746452913.3272834
3507000,1746452913.3638563
3510000,1746452913.4088182
3513000,1746452913.4435186
3516000,1746452913.4991894
3519000,1746452913.5310438
3522000,1746452913.5340927
3525000,1746452913.569088
3528000,1746452913.6114335
3531000,1746452913.614245
3534000,1746452913.6699967
3537000,1746452913.673428
3540000,1746452913.70726
3543000,1746452913.7096388
3546000,1746452913.7497182
3549000,1746452913.7784417
3552000,1746452913.7832298
3555000,1746452913.844415
3558000,1746452913.8966255
3561000,1746452913.918506
3564000,1746452913.9223154
3567000,1746452913.9871573
3570000,1746452913.9909008
3573000,1746452914.0368552
3576000,1746452914.0775273
3579000,1746452914.0803177
3582000,1746452914.1112125
3585000,1746452914.1466265
3588000,1746452914.1667733
3591000,1746452914.2496667
3594000,1746452914.300125
3597000,1746452914.3046072
3600000,1746452914.3267794
3603000,1746452914.3518486
3606000,1746452914.39738
3609000,1746452914.4362152
3612000,1746452914.4787083
3615000,1746452914.5094347
3618000,1746452914.5121527
3621000,1746452914.52016
3624000,1746452914.568705
3627000,1746452914.6317594
3630000,1746452914.677319
3633000,1746452914.7017393
3636000,1746452914.7446723
3639000,1746452914.7715533
3642000,1746452914.8110995
3645000,1746452914.8582993
3648000,1746452914.8961496
3651000,1746452914.9294884
3654000,1746452914.9761298
3657000,1746452915.0165236
3660000,1746452915.056419
3663000,1746452915.0976253
3666000,1746452915.1364496
3669000,1746452915.1617262
3672000,1746452915.1646528
3675000,1746452915.1963544
3678000,1746452915.22167
3681000,1746452915.264591
3684000,1746452915.304311
3687000,1746452915.3489008
3690000,1746452915.3648894
3693000,1746452915.3897953
3696000,1746452915.400561
3699000,1746452915.4608102
3702000,1746452915.478715
3705000,1746452915.508869
3708000,1746452915.5495484
3711000,1746452915.584485
3714000,1746452915.5875049
3717000,1746452915.6215286
3720000,1746452915.6833966
3723000,1746452915.7050698
3726000,1746452915.733979
3729000,1746452915.7452228
3732000,1746452915.8115256
3735000,1746452915.814174
3738000,1746452915.8847003
3741000,1746452915.887656
3744000,1746452915.9233575
3747000,1746452915.9490497
3750000,1746452916.006901
3753000,1746452916.0493453
3756000,1746452916.0521765
3759000,1746452916.079246
3762000,1746452916.1089606
3765000,1746452916.1337912
3768000,1746452916.180922
3771000,1746452916.222994
3774000,1746452916.2463503
3777000,1746452916.2840745
3780000,1746452916.3509598
3783000,1746452916.354238
3786000,1746452916.37618
3789000,1746452916.4161224
3792000,1746452916.4484417
3795000,1746452916.519098
3798000,1746452916.5284796
3801000,1746452916.5611355
3804000,1746452916.5958629
3807000,1746452916.625693
3810000,1746452916.6774437
3813000,1746452916.7041893
3816000,1746452916.712459
3819000,1746452916.775143
3822000,1746452916.806061
3825000,1746452916.8357804
3828000,1746452916.8460336
3831000,1746452916.8788126
3834000,1746452916.9464538
3837000,1746452916.949167
3840000,1746452916.9943683
3843000,1746452917.036777
3846000,1746452917.0695393
3849000,1746452917.0986652
3852000,1746452917.1365407
3855000,1746452917.2007933
3858000,1746452917.2280722
3861000,1746452917.2694247
3864000,1746452917.3066137
3867000,1746452917.3237777
3870000,1746452917.34114
3873000,1746452917.3717449
3876000,1746452917.4053743
3879000,1746452917.4469597
3882000,1746452917.515848
3885000,1746452917.5486753
3888000,1746452917.5862715
3891000,1746452917.6369894
3894000,1746452917.6641128
3897000,1746452917.710199
3900000,1746452917.7282045
3903000,1746452917.7483554
3906000,1746452917.780236
3909000,1746452917.8166497
3912000,1746452917.84389
3915000,1746452917.8943481
3918000,1746452917.93612
3921000,1746452917.961714
3924000,1746452917.999539
3927000,1746452918.0311713
3930000,1746452918.0769982
3933000,1746452918.100822
3936000,1746452918.136163
3939000,1746452918.1787162
3942000,1746452918.2089765
3945000,1746452918.2638493
3948000,1746452918.2666423
3951000,1746452918.3240292
3954000,1746452918.356382
3957000,1746452918.3858008
3960000,1746452918.4243171
3963000,1746452918.4485438
3966000,1746452918.4785683
3969000,1746452918.514857
3972000,1746452918.5442317
3975000,1746452918.5893853
3978000,1746452918.628735
3981000,1746452918.6317372
3984000,1746452918.6617587
3987000,1746452918.6968539
3990000,1746452918.7271817
3993000,1746452918.7613318
3996000,1746452918.7912931
3999000,1746452918.826513
4002000,1746452918.8616843
4005000,1746452918.8963783
4008000,1746452918.926857
4011000,1746452918.940869
4014000,1746452918.9813788
4017000,1746452919.0241885
4020000,1746452919.0277748
4023000,1746452919.0689032
4026000,1746452919.1070533
4029000,1746452919.1340299
4032000,1746452919.1369593
4035000,1746452919.1641061
4038000,1746452919.198965
4041000,1746452919.2219188
4044000,1746452919.2611961
4047000,1746452919.2653491
4050000,1746452919.3264084
4053000,1746452919.356218
4056000,1746452919.376071
4059000,1746452919.4116366
4062000,1746452919.4417448
4065000,1746452919.4693396
4068000,1746452919.5096667
4071000,1746452919.5466282
4074000,1746452919.5848963
4077000,1746452919.6006393
4080000,1746452919.6285658
4083000,1746452919.6634564
4086000,1746452919.713841
4089000,1746452919.747039
4092000,1746452919.7866743
4095000,1746452919.8243423
4098000,1746452919.836642
4101000,1746452919.8608997
4104000,1746452919.9193225
4107000,1746452919.945896
4110000,1746452919.9866915
4113000,1746452920.0067444
4116000,1746452920.0358062
4119000,1746452920.0586326
4122000,1746452920.1297178
4125000,1746452920.13217
4128000,1746452920.1923575
4131000,1746452920.2042556
4134000,1746452920.2648404
4137000,1746452920.2940614
4140000,1746452920.3372033
4143000,1746452920.3405552
4146000,1746452920.3685098
4149000,1746452920.4010212
4152000,1746452920.4264612
4155000,1746452920.47872
4158000,1746452920.5008385
4161000,1746452920.5337195
4164000,1746452920.5608368
4167000,1746452920.636497
4170000,1746452920.666195
4173000,1746452920.695539
4176000,1746452920.7298272
4179000,1746452920.7588143
4182000,1746452920.7811418
4185000,1746452920.8387496
4188000,1746452920.8716607
4191000,1746452920.9017107
4194000,1746452920.9370694
4197000,1746452920.9562702
4200000,1746452920.9998631
4203000,1746452921.018131
4206000,1746452921.046656
4209000,1746452921.0662103
4212000,1746452921.1208284
4215000,1746452921.1558385
4218000,1746452921.188523
4221000,1746452921.2250717
4224000,1746452921.2632296
4227000,1746452921.2971125
4230000,1746452921.3270493
4233000,1746452921.358772
4236000,1746452921.396345
4239000,1746452921.4236655
4242000,1746452921.4527817
4245000,1746452921.4887314
4248000,1746452921.5368044
4251000,1746452921.5505445
4254000,1746452921.59604
4257000,1746452921.6340554
4260000,1746452921.6661317
4263000,1746452921.6951342
4266000,1746452921.7028098
4269000,1746452921.7232018
4272000,1746452921.7738185
4275000,1746452921.825924
4278000,1746452921.8688788
4281000,1746452921.8950825
4284000,1746452921.9216309
4287000,1746452921.9558113
4290000,1746452921.9887283
4293000,1746452922.0029674
4296000,1746452922.0763838
4299000,1746452922.1069677
4302000,1746452922.109488
4305000,1746452922.1411986
4308000,1746452922.1636846
4311000,1746452922.2562838
4314000,1746452922.3362403
4317000,1746452922.3613257
4320000,1746452922.438481
4323000,1746452922.496294
4326000,1746452922.6370628
4329000,1746452922.640214
4332000,1746452922.776485
4335000,1746452922.8569727
4338000,1746452922.897452
4341000,1746452922.9580681
4344000,1746452923.0592544
4347000,1746452923.1337523
4350000,1746452923.216454
4353000,1746452923.2578015
4356000,1746452923.292486
4359000,1746452923.3420846
4362000,1746452923.4848998
4365000,1746452923.5153973
4368000,1746452923.5862846
4371000,1746452923.6298132
4374000,1746452923.6747737
4377000,1746452923.7111332
4380000,1746452923.744054
4383000,1746452923.7974362
4386000,1746452923.800173
4389000,1746452923.825205
4392000,1746452923.8516307
4395000,1746452923.9187665
4398000,1746452923.9230425
4401000,1746452923.9631953
4404000,1746452924.0092685
4407000,1746452924.024187
4410000,1746452924.0613534
4413000,1746452924.1037438
4416000,1746452924.1442697
4419000,1746452924.1567767
4422000,1746452924.1898084
4425000,1746452924.2242134
4428000,1746452924.2807074
4431000,1746452924.2913742
4434000,1746452924.3438294
4437000,1746452924.3479164
4440000,1746452924.4086487
4443000,1746452924.444013
4446000,1746452924.4464467
4449000,1746452924.5112982
4452000,1746452924.5145996
4455000,1746452924.5514734
4458000,1746452924.5782123
4461000,1746452924.607828
4464000,1746452924.633869
4467000,1746452924.6776707
4470000,1746452924.7057798
4473000,1746452924.73851
4476000,1746452924.7687843
4479000,1746452924.8061712
4482000,1746452924.818037
4485000,1746452924.8480487
4488000,1746452924.8788922
4491000,1746452924.9084039
4494000,1746452924.9557931
4497000,1746452924.9786148
4500000,1746452925.0370545
4503000,1746452925.0714495
4506000,1746452925.1060615
4509000,1746452925.1439917
4512000,1746452925.163703
4515000,1746452925.2016573
4518000,1746452925.2214494
4521000,1746452925.268086
4524000,1746452925.2947752
4527000,1746452925.3356266
4530000,1746452925.3664742
4533000,1746452925.4184618
4536000,1746452925.4813468
4539000,1746452925.5436335
4542000,1746452925.5707915
4545000,1746452925.604263
4548000,1746452925.6712115
4551000,1746452925.7113497
4554000,1746452925.7661853
4557000,1746452925.8076236
4560000,1746452925.8380044
4563000,1746452925.8691683
4566000,1746452925.899789
4569000,1746452925.9420028
4572000,1746452925.997285
4575000,1746452926.0521305
4578000,1746452926.0992012
4581000,1746452926.1494708
4584000,1746452926.1797361
4587000,1746452926.2966597
4590000,1746452926.300849
4593000,1746452926.3721192
4596000,1746452926.3750417
4599000,1746452926.4134707
4602000,1746452926.4422686
4605000,1746452926.473706
4608000,1746452926.509766
4611000,1746452926.5398757
4614000,1746452926.579796
4617000,1746452926.633794
4620000,1746452926.6810925
4623000,1746452926.7176726
4626000,1746452926.7463887
4629000,1746452926.8171325
4632000,1746452926.8486545
4635000,1746452926.8804975
4638000,1746452926.9391832
4641000,1746452926.977366
4644000,1746452927.0342875
4647000,1746452927.09637
4650000,1746452927.130091
4653000,1746452927.2002382
4656000,1746452927.2658281
4659000,1746452927.2969842
4662000,1746452927.3458164
4665000,1746452927.3990214
4668000,1746452927.4224098
4671000,1746452927.4458308
4674000,1746452927.503553
4677000,1746452927.5446632
4680000,1746452927.568364
4683000,1746452927.6088982
4686000,1746452927.636166
4689000,1746452927.6690109
4692000,1746452927.6756272
4695000,1746452927.739999
4698000,1746452927.743331
4701000,1746452927.7806218
4704000,1746452927.8032935
4707000,1746452927.8370361
4710000,1746452927.8707974
4713000,1746452927.9076653
4716000,1746452927.931525
4719000,1746452927.9594316
4722000,1746452928.0150676
4725000,1746452928.051458
4728000,1746452928.0731618
4731000,1746452928.1027067
4734000,1746452928.1351755
4737000,1746452928.1778984
4740000,1746452928.202605
4743000,1746452928.2358837
4746000,1746452928.2646663
4749000,1746452928.316467
4752000,1746452928.3492649
4755000,1746452928.3519962
4758000,1746452928.3814714
4761000,1746452928.4163437
4764000,1746452928.4437563
4767000,1746452928.502488
4770000,1746452928.532148
4773000,1746452928.5605175
4776000,1746452928.5867536
4779000,1746452928.623186
4782000,1746452928.6532602
4785000,1746452928.683063
4788000,1746452928.7160547
4791000,1746452928.74357
4794000,1746452928.8044477
4797000,1746452928.842753
4800000,1746452928.908247
4803000,1746452928.9423954
4806000,1746452929.005187
4809000,1746452929.0358765
4812000,1746452929.0966694
4815000,1746452929.1464303
4818000,1746452929.1911414
4821000,1746452929.2239034
4824000,1746452929.286131
4827000,1746452929.2888603
4830000,1746452929.3222396
4833000,1746452929.3505468
4836000,1746452929.3794303
4839000,1746452929.4054422
4842000,1746452929.4344373
4845000,1746452929.4606783
4848000,1746452929.5181594
4851000,1746452929.5441182
4854000,1746452929.5737944
4857000,1746452929.605249
4860000,1746452929.6333764
4863000,1746452929.667357
4866000,1746452929.7044976
4869000,1746452929.7351124
4872000,1746452929.7640257
4875000,1746452929.790665
4878000,1746452929.8189127
4881000,1746452929.848755
4884000,1746452929.8837216
4887000,1746452929.913399
4890000,1746452929.9862764
4893000,1746452930.0766838
4896000,1746452930.0807204
4899000,1746452930.116217
4902000,1746452930.118705
4905000,1746452930.1566174
4908000,1746452930.213478
4911000,1746452930.2499955
4914000,1746452930.2796533
4917000,1746452930.346282
4920000,1746452930.3854802
4923000,1746452930.4086378
4926000,1746452930.4661996
4929000,1746452930.5235236
4932000,1746452930.5591524
4935000,1746452930.5856771
4938000,1746452930.6177998
4941000,1746452930.6678152
4944000,1746452930.708998
4947000,1746452930.7511337
4950000,1746452930.7760959
4953000,1746452930.8068893
4956000,1746452930.8769622
4959000,1746452930.8798516
4962000,1746452930.9162445
4965000,1746452930.9435067
4968000,1746452930.9867654
4971000,1746452931.0185513
4974000,1746452931.0438817
4977000,1746452931.0788343
4980000,1746452931.10067
4983000,1746452931.130567
4986000,1746452931.1771052
4989000,1746452931.206029
4992000,1746452931.233903
4995000,1746452931.2774508
4998000,1746452931.2805588
5001000,1746452931.30679
5004000,1746452931.3414373
5007000,1746452931.3767915
5010000,1746452931.4064157
5013000,1746452931.4360178
5016000,1746452931.4673922
5019000,1746452931.4939241
5022000,1746452931.521686
5025000,1746452931.549253
5028000,1746452931.5984597
5031000,1746452931.6267316
5034000,1746452931.669159
5037000,1746452931.7165728
5040000,1746452931.7192612
5043000,1746452931.7462416
5046000,1746452931.7736893
5049000,1746452931.8493264
5052000,1746452931.8820596
5055000,1746452931.8857408
5058000,1746452931.9164484
5061000,1746452931.94692
5064000,1746452931.984975
5067000,1746452932.0138245
5070000,1746452932.0454955
5073000,1746452932.0694902
5076000,1746452932.1177485
5079000,1746452932.1450496
5082000,1746452932.1734982
5085000,1746452932.188921
5088000,1746452932.2643802
5091000,1746452932.2673273
5094000,1746452932.3042316
5097000,1746452932.3361316
5100000,1746452932.4167182
5103000,1746452932.4193764
5106000,1746452932.4513004
5109000,1746452932.4891684
5112000,1746452932.5368237
5115000,1746452932.5691974
5118000,1746452932.5716212
5121000,1746452932.6164734
5124000,1746452932.646225
5127000,1746452932.6846316
5130000,1746452932.7113054
5133000,1746452932.7566848
5136000,1746452932.828625
5139000,1746452932.8612611
5142000,1746452932.888248
5145000,1746452932.961571
5148000,1746452932.985852
5151000,1746452933.0663571
5154000,1746452933.109429
5157000,1746452933.1395738
5160000,1746452933.2094185
5163000,1746452933.2257335
5166000,1746452933.2840762
5169000,1746452933.338687
5172000,1746452933.396305
5175000,1746452933.4250898
5178000,1746452933.5008965
5181000,1746452933.515772
5184000,1746452933.5604744
5187000,1746452933.6346416
5190000,1746452933.6782758
5193000,1746452933.7042105
5196000,1746452933.8093686
5199000,1746452933.812709
5202000,1746452933.8493228
5205000,1746452933.8990073
5208000,1746452933.9101229
5211000,1746452933.9354837
5214000,1746452933.9632225
5217000,1746452934.0070224
5220000,1746452934.040558
5223000,1746452934.0632868
5226000,1746452934.094477
5229000,1746452934.1313286
5232000,1746452934.167109
5235000,1746452934.2226546
5238000,1746452934.280136
5241000,1746452934.3101869
5244000,1746452934.3393664
5247000,1746452934.369214
5250000,1746452934.4175053
5253000,1746452934.451695
5256000,1746452934.4767423
5259000,1746452934.4974437
5262000,1746452934.5292876
5265000,1746452934.568505
5268000,1746452934.609623
5271000,1746452934.6241624
5274000,1746452934.657503
5277000,1746452934.6864736
5280000,1746452934.7387688
5283000,1746452934.7675462
5286000,1746452934.8117146
5289000,1746452934.8440058
5292000,1746452934.8773723
5295000,1746452934.9172094
5298000,1746452934.9412415
5301000,1746452934.9863627
5304000,1746452935.0216994
5307000,1746452935.0508077
5310000,1746452935.1379988
5313000,1746452935.1657236
5316000,1746452935.2068145
5319000,1746452935.2466433
5322000,1746452935.3167214
5325000,1746452935.3512938
5328000,1746452935.4382834
5331000,1746452935.463785
5334000,1746452935.5165539
5337000,1746452935.5527487
5340000,1746452935.5914502
5343000,1746452935.657022
5346000,1746452935.6607368
5349000,1746452935.7059228
5352000,1746452935.726297
5355000,1746452935.7606797
5358000,1746452935.7892518
5361000,1746452935.8223445
5364000,1746452935.8582757
5367000,1746452935.8736186
5370000,1746452935.928374
5373000,1746452935.9570727
5376000,1746452936.036653
5379000,1746452936.0489929
5382000,1746452936.1462066
5385000,1746452936.188858
5388000,1746452936.2209158
5391000,1746452936.284192
5394000,1746452936.3138096
5397000,1746452936.3722694
5400000,1746452936.4492433
5403000,1746452936.496116
5406000,1746452936.5642107
5409000,1746452936.6098804
5412000,1746452936.6562896
5415000,1746452936.719603
5418000,1746452936.753665
5421000,1746452936.8147953
5424000,1746452936.851458
5427000,1746452936.9290102
5430000,1746452936.968997
5433000,1746452937.0146382
5436000,1746452937.0563529
5439000,1746452937.086415
5442000,1746452937.1265135
5445000,1746452937.156347
5448000,1746452937.1902742
5451000,1746452937.2181432
5454000,1746452937.2455263
5457000,1746452937.2711496
5460000,1746452937.3112261
5463000,1746452937.350085
5466000,1746452937.3892205
5469000,1746452937.392502
5472000,1746452937.457354
5475000,1746452937.4649265
5478000,1746452937.5063052
5481000,1746452937.5361264
5484000,1746452937.5612428
5487000,1746452937.5890477
5490000,1746452937.6218588
5493000,1746452937.6594586
5496000,1746452937.6970527
5499000,1746452937.7366862
5502000,1746452937.769018
5505000,1746452937.8181965
5508000,1746452937.8559017
5511000,1746452937.8891368
5514000,1746452937.8917608
5517000,1746452937.9611406
5520000,1746452937.9655013
5523000,1746452937.9993205
5526000,1746452938.0241513
5529000,1746452938.0673122
5532000,1746452938.1034222
5535000,1746452938.1388378
5538000,1746452938.181083
5541000,1746452938.244312
5544000,1746452938.2805612
5547000,1746452938.3032057
5550000,1746452938.3642209
5553000,1746452938.4162858
5556000,1746452938.441301
5559000,1746452938.5084097
5562000,1746452938.5500016
5565000,1746452938.5841002
5568000,1746452938.642466
5571000,1746452938.7056203
5574000,1746452938.723225
5577000,1746452938.772118
5580000,1746452938.8293285
5583000,1746452938.8689048
5586000,1746452938.878241
5589000,1746452938.9462066
5592000,1746452938.973228
5595000,1746452939.0496836
5598000,1746452939.0870035
5601000,1746452939.1172051
5604000,1746452939.1366339
5607000,1746452939.1588993
5610000,1746452939.2271383
5613000,1746452939.229537
5616000,1746452939.2628782
5619000,1746452939.3079731
5622000,1746452939.3472173
5625000,1746452939.3841805
5628000,1746452939.4436116
5631000,1746452939.483829
5634000,1746452939.5496492
5637000,1746452939.5882864
5640000,1746452939.6485584
5643000,1746452939.700189
5646000,1746452939.7487109
5649000,1746452939.8057878
5652000,1746452939.8409169
5655000,1746452939.8741324
5658000,1746452939.929776
5661000,1746452939.9609115
5664000,1746452939.9958522
5667000,1746452940.0240953
5670000,1746452940.0542004
5673000,1746452940.0960557
5676000,1746452940.1540732
5679000,1746452940.1887436
5682000,1746452940.2081454
5685000,1746452940.2233288
5688000,1746452940.2558308
5691000,1746452940.2961674
5694000,1746452940.3292353
5697000,1746452940.364785
5700000,1746452940.3815362
5703000,1746452940.4162474
5706000,1746452940.4361513
5709000,1746452940.4737873
5712000,1746452940.511893
5715000,1746452940.552855
5718000,1746452940.5971324
5721000,1746452940.5999184
5724000,1746452940.6243587
5727000,1746452940.6845329
5730000,1746452940.6987653
5733000,1746452940.715898
5736000,1746452940.752351
5739000,1746452940.792276
5742000,1746452940.8094234
5745000,1746452940.8911421
5748000,1746452940.8939998
5751000,1746452940.9226346
5754000,1746452940.9497504
5757000,1746452940.989415
5760000,1746452941.0244446
5763000,1746452941.049736
5766000,1746452941.1245782
5769000,1746452941.127832
5772000,1746452941.1542072
5775000,1746452941.1817539
5778000,1746452941.2213953
5781000,1746452941.2519832
5784000,1746452941.304008
5787000,1746452941.334245
5790000,1746452941.3683476
5793000,1746452941.417311
5796000,1746452941.444922
5799000,1746452941.4496963
5802000,1746452941.5121384
5805000,1746452941.5521953
5808000,1746452941.60425
5811000,1746452941.663896
5814000,1746452941.7214816
5817000,1746452941.749227
5820000,1746452941.7840512
5823000,1746452941.8560839
5826000,1746452941.9336867
5829000,1746452941.9690034
5832000,1746452942.013438
5835000,1746452942.049989
5838000,1746452942.0849688
5841000,1746452942.141419
5844000,1746452942.2152448
5847000,1746452942.2567716
5850000,1746452942.323833
5853000,1746452942.3612103
5856000,1746452942.3863652
5859000,1746452942.4144487
5862000,1746452942.4479928
5865000,1746452942.4992409
5868000,1746452942.5297606
5871000,1746452942.5964434
5874000,1746452942.6364112
5877000,1746452942.6751091
5880000,1746452942.7493935
5883000,1746452942.794138
5886000,1746452942.8325226
5889000,1746452942.8646204
5892000,1746452942.925189
5895000,1746452942.9648232
5898000,1746452943.007344
5901000,1746452943.0572667
5904000,1746452943.124264
5907000,1746452943.1689627
5910000,1746452943.204034
5913000,1746452943.256553
5916000,1746452943.2915647
5919000,1746452943.329106
5922000,1746452943.3722034
5925000,1746452943.4095178
5928000,1746452943.4601395
5931000,1746452943.4711707
5934000,1746452943.5105786
5937000,1746452943.574617
5940000,1746452943.578767
5943000,1746452943.6295424
5946000,1746452943.6671307
5949000,1746452943.6707745
5952000,1746452943.7045698
5955000,1746452943.7463753
5958000,1746452943.7709193
5961000,1746452943.8092728
5964000,1746452943.8511016
5967000,1746452943.8716662
5970000,1746452943.9088995
5973000,1746452943.9184048
5976000,1746452943.9788036
5979000,1746452943.9827685
5982000,1746452944.0106406
5985000,1746452944.0416255
5988000,1746452944.0841064
5991000,1746452944.1120625
5994000,1746452944.1470006
5997000,1746452944.1841218
6000000,1746452944.2225666
6003000,1746452944.239114
6006000,1746452944.2785041
6009000,1746452944.3111002
6012000,1746452944.345912
6015000,1746452944.3614893
6018000,1746452944.3824568
6021000,1746452944.4303963
6024000,1746452944.472496
6027000,1746452944.510403
6030000,1746452944.5822253
6033000,1746452944.6129968
6036000,1746452944.6734753
6039000,1746452944.7137628
6042000,1746452944.7534735
6045000,1746452944.8021946
6048000,1746452944.867076
6051000,1746452944.9015658
6054000,1746452944.9237893
6057000,1746452944.9757826
6060000,1746452945.0213296
6063000,1746452945.086694
6066000,1746452945.124667
6069000,1746452945.1839795
6072000,1746452945.2295494
6075000,1746452945.2676523
6078000,1746452945.3044682
6081000,1746452945.3645175
6084000,1746452945.4162288
6087000,1746452945.4463792
6090000,1746452945.4972343
6093000,1746452945.526692
6096000,1746452945.5667143
6099000,1746452945.6014469
6102000,1746452945.630343
6105000,1746452945.6662593
6108000,1746452945.7069986
6111000,1746452945.7410507
6114000,1746452945.7691274
6117000,1746452945.799074
6120000,1746452945.8633285
6123000,1746452945.922742
6126000,1746452945.9870868
6129000,1746452946.0319111
6132000,1746452946.1053612
6135000,1746452946.177901
6138000,1746452946.20583
6141000,1746452946.2284937
6144000,1746452946.2989001
6147000,1746452946.329294
6150000,1746452946.3674142
6153000,1746452946.417201
6156000,1746452946.4964967
6159000,1746452946.5263088
6162000,1746452946.5291786
6165000,1746452946.5896575
6168000,1746452946.5958927
6171000,1746452946.6231987
6174000,1746452946.6612039
6177000,1746452946.710028
6180000,1746452946.7369065
6183000,1746452946.7647913
6186000,1746452946.7934601
6189000,1746452946.821209
6192000,1746452946.8514233
6195000,1746452946.8835511
6198000,1746452946.9185684
6201000,1746452946.9354687
6204000,1746452946.9695532
6207000,1746452947.0178258
6210000,1746452947.0382783
6213000,1746452947.074868
6216000,1746452947.1092205
6219000,1746452947.15243
6222000,1746452947.1712606
6225000,1746452947.2114036
6228000,1746452947.2154722
6231000,1746452947.257177
6234000,1746452947.2849696
6237000,1746452947.3163936
6240000,1746452947.3550766
6243000,1746452947.3744009
6246000,1746452947.4364383
6249000,1746452947.4665313
6252000,1746452947.4976177
6255000,1746452947.529121
6258000,1746452947.5618274
6261000,1746452947.5973861
6264000,1746452947.6370184
6267000,1746452947.6558714
6270000,1746452947.6835117
6273000,1746452947.7165022
6276000,1746452947.7453291
6279000,1746452947.783969
6282000,1746452947.8338573
