frame_count,end_process_time
0,1746786387.3423367
3000,1746786387.402714
12000,1746786387.4622073
15000,1746786387.550564
18000,1746786387.6128023
27000,1746786387.7328894
30000,1746786387.7972069
36000,1746786387.8547091
48000,1746786387.910441
51000,1746786387.9731772
54000,1746786388.052604
63000,1746786388.1128736
69000,1746786388.1718132
75000,1746786388.2524202
81000,1746786388.3151028
84000,1746786388.3973346
90000,1746786388.4854355
105000,1746786388.5425122
108000,1746786388.6956837
117000,1746786388.754461
129000,1746786388.817561
135000,1746786388.9653175
141000,1746786389.0228624
153000,1746786389.0852904
165000,1746786389.2238123
171000,1746786389.3309941
174000,1746786389.387398
180000,1746786389.4733236
192000,1746786389.533765
195000,1746786389.6158133
204000,1746786389.673462
207000,1746786389.7962227
216000,1746786389.855609
228000,1746786389.9117596
231000,1746786390.007349
237000,1746786390.0788362
243000,1746786390.1486719
252000,1746786390.2171333
255000,1746786390.282474
264000,1746786390.4774647
279000,1746786390.5572429
285000,1746786390.6715415
297000,1746786390.7514088
306000,1746786390.8306975
312000,1746786390.9384558
321000,1746786391.014057
327000,1746786391.1024427
333000,1746786391.204697
345000,1746786391.287865
357000,1746786391.364902
363000,1746786391.4846292
366000,1746786391.5697055
378000,1746786391.6502326
384000,1746786391.7256498
393000,1746786391.804151
399000,1746786391.88776
408000,1746786391.9636421
411000,1746786392.0489569
420000,1746786392.1305823
429000,1746786392.1802578
432000,1746786392.2342255
441000,1746786392.3316514
447000,1746786392.4156525
450000,1746786392.490162
459000,1746786392.561529
468000,1746786392.637952
474000,1746786392.7861605
483000,1746786392.8615172
498000,1746786392.9407237
501000,1746786393.0379672
507000,1746786393.1105177
510000,1746786393.3627229
540000,1746786393.4369273
546000,1746786393.5081687
555000,1746786393.5996468
558000,1746786393.6736233
567000,1746786393.7481213
576000,1746786393.8604429
585000,1746786393.9382188
591000,1746786394.021543
594000,1746786394.1044471
606000,1746786394.192263
612000,1746786394.2700326
621000,1746786394.3444388
630000,1746786394.4234314
633000,1746786394.530769
642000,1746786394.61007
648000,1746786394.6858392
660000,1746786394.7632277
666000,1746786394.840861
672000,1746786394.9170592
681000,1746786394.9988415
684000,1746786395.392286
717000,1746786395.4852393
729000,1746786395.5672216
735000,1746786395.6931245
747000,1746786395.767818
756000,1746786395.849616
768000,1746786396.086799
771000,1746786396.1753042
792000,1746786396.2528012
801000,1746786396.3769724
810000,1746786396.4953206
819000,1746786396.577842
828000,1746786396.6961586
840000,1746786396.7739844
849000,1746786397.0419018
870000,1746786397.1210377
873000,1746786397.197757
885000,1746786397.438641
906000,1746786397.513626
912000,1746786397.595233
921000,1746786397.6758716
924000,1746786397.7551024
933000,1746786397.9340348
945000,1746786398.027416
954000,1746786398.1048598
963000,1746786398.1812077
966000,1746786398.25833
987000,1746786398.3372052
993000,1746786398.4154232
1005000,1746786398.4723022
1011000,1746786398.5487185
1017000,1746786398.6294022
1023000,1746786398.7070978
1032000,1746786398.7812815
1038000,1746786398.8547137
1044000,1746786398.9277215
1050000,1746786399.0056307
1056000,1746786399.0816712
1065000,1746786399.1605718
1068000,1746786399.234188
1071000,1746786399.3102217
1074000,1746786399.4062245
1080000,1746786399.479003
1086000,1746786399.8148353
1095000,1746786399.8987417
1107000,1746786400.2170377
1155000,1746786400.2989705
1161000,1746786401.5969138
1236000,1746786401.6834207
1266000,1746786401.759353
1272000,1746786402.012763
1308000,1746786402.0895472
1311000,1746786402.1642866
1317000,1746786402.3324184
1323000,1746786402.414678
1332000,1746786402.6701577
1335000,1746786402.7462926
1350000,1746786403.0459046
1383000,1746786403.1280828
1392000,1746786403.2246141
1395000,1746786403.3102198
1416000,1746786403.3889472
1419000,1746786403.702186
1443000,1746786403.7842848
1446000,1746786404.104073
1479000,1746786404.1795795
1485000,1746786404.7944186
1518000,1746786404.8673606
1533000,1746786405.11778
1572000,1746786405.1917222
1584000,1746786405.3040555
1602000,1746786405.3773446
1614000,1746786405.5675373
1620000,1746786405.9602487
1641000,1746786406.0308726
1650000,1746786406.304987
1671000,1746786406.3830912
1677000,1746786407.4992764
1776000,1746786407.577764
1782000,1746786407.6503356
1785000,1746786407.959472
1797000,1746786408.0323381
1806000,1746786408.8054092
1899000,1746786408.8916051
1917000,1746786408.9780443
1923000,1746786409.221428
1935000,1746786409.2959979
1947000,1746786410.0370476
1974000,1746786410.117462
1977000,1746786410.556559
2040000,1746786410.6349406
2046000,1746786410.8852782
2094000,1746786410.96397
2112000,1746786411.319831
2121000,1746786411.3908863
2130000,1746786412.7261326
2226000,1746786412.8048432
2259000,1746786412.884206
2262000,1746786413.0842283
2289000,1746786413.1580882
2301000,1746786413.498149
2319000,1746786413.5718
2334000,1746786413.6492302
2349000,1746786413.7640307
2358000,1746786413.9791434
2388000,1746786414.0615206
2400000,1746786414.149036
2409000,1746786414.2540982
2415000,1746786414.3330703
2424000,1746786414.7083411
2430000,1746786414.7810035
2433000,1746786415.1405556
2466000,1746786415.2190125
2469000,1746786415.4029853
2511000,1746786415.4787183
2523000,1746786415.7480974
2532000,1746786415.826429
2541000,1746786416.1269176
2562000,1746786416.2017622
2565000,1746786416.5661929
2616000,1746786416.6370473
2628000,1746786416.892772
2637000,1746786416.9713237
2652000,1746786417.0815368
2661000,1746786417.2739503
2664000,1746786417.3462083
2673000,1746786417.6713555
2697000,1746786417.715065
2706000,1746786417.998033
2724000,1746786418.085412
2727000,1746786418.3427072
2766000,1746786418.5649028
2778000,1746786418.6414168
2790000,1746786418.9531927
2814000,1746786419.0280142
2823000,1746786419.207923
2841000,1746786419.2765388
2847000,1746786419.354162
2853000,1746786419.5818439
2865000,1746786419.6587155
2898000,1746786419.7241325
2904000,1746786419.7967052
2913000,1746786420.0408368
2916000,1746786420.3590817
2949000,1746786420.4486775
2952000,1746786420.6647727
2970000,1746786420.7367346
2994000,1746786420.8106472
3003000,1746786420.8829865
3006000,1746786421.1098063
3009000,1746786421.1944184
3018000,1746786421.3598843
3024000,1746786421.4500616
3033000,1746786421.7499552
3066000,1746786421.8252044
3075000,1746786422.0209763
3093000,1746786422.0969906
3102000,1746786422.243951
3105000,1746786422.3223643
3117000,1746786422.5342
3138000,1746786422.6137137
3147000,1746786422.6928825
3171000,1746786422.7714655
3177000,1746786422.850768
3183000,1746786422.9269898
3195000,1746786423.4141624
3204000,1746786423.484896
3210000,1746786423.8004599
3249000,1746786423.871843
3258000,1746786424.049136
3279000,1746786424.1290653
3288000,1746786424.2031932
3291000,1746786424.2811062
3297000,1746786424.368146
3312000,1746786424.4476473
3318000,1746786424.602917
3333000,1746786424.6883497
3336000,1746786424.7836814
3345000,1746786424.8682377
3357000,1746786425.1181781
3372000,1746786425.207359
3378000,1746786425.326128
3393000,1746786425.4029562
3402000,1746786425.5329409
3417000,1746786425.6639156
3429000,1746786425.7477415
3432000,1746786425.98741
3453000,1746786426.0605605
3456000,1746786426.3202717
3483000,1746786426.397677
3489000,1746786427.7638593
3570000,1746786427.8447182
3579000,1746786428.135358
3654000,1746786428.1820273
3666000,1746786428.2702246
3672000,1746786428.3464735
3675000,1746786428.5918465
3684000,1746786428.667241
3687000,1746786429.0149288
3747000,1746786429.0906231
3756000,1746786429.3627841
3789000,1746786429.437752
3795000,1746786429.5228813
3798000,1746786429.5957205
3801000,1746786429.7811089
3804000,1746786429.8565893
3807000,1746786429.9348614
3810000,1746786430.3455594
3822000,1746786430.425755
3825000,1746786431.233913
3882000,1746786431.3093557
3891000,1746786431.5301094
3921000,1746786431.6043284
3927000,1746786431.8303459
3960000,1746786431.9100459
3972000,1746786432.1134355
3990000,1746786432.1857278
3999000,1746786432.3167183
4011000,1746786432.5261912
4014000,1746786432.6099145
4038000,1746786432.6860187
4041000,1746786432.7615333
4059000,1746786432.838668
4065000,1746786432.9140046
4074000,1746786433.1145282
4077000,1746786433.1888826
4095000,1746786433.2630587
4107000,1746786433.3439434
4110000,1746786433.7161074
4140000,1746786433.7885678
4155000,1746786433.926676
4170000,1746786434.0177944
4173000,1746786434.1920629
4185000,1746786434.2649877
4188000,1746786434.4980159
4203000,1746786434.5456202
4221000,1746786434.783207
4227000,1746786434.854305
4236000,1746786434.985137
4248000,1746786435.0572603
4254000,1746786435.2672238
4278000,1746786435.343341
4281000,1746786435.550862
4293000,1746786435.6268523
4305000,1746786436.334418
4347000,1746786436.4110637
4359000,1746786436.5297637
4368000,1746786436.7251906
4398000,1746786436.8071315
4428000,1746786436.8883615
4434000,1746786437.381693
4455000,1746786437.456224
4461000,1746786437.5302548
4464000,1746786437.8882604
4473000,1746786437.9532259
4503000,1746786438.0110214
4506000,1746786438.458411
4548000,1746786438.5142765
4554000,1746786439.0291808
4605000,1746786439.083543
4614000,1746786439.3258765
4626000,1746786439.3847299
4638000,1746786439.935521
4683000,1746786439.9929898
4689000,1746786440.5057988
4746000,1746786440.5609949
4749000,1746786440.7890718
4758000,1746786440.8470244
4761000,1746786441.0994058
4800000,1746786441.1534593
4809000,1746786441.4024038
4842000,1746786441.465045
