Latency,Frame send time,Mediapipe Pose processing time,Results send time
0.1508769989013672,0.07400345802307129,0.06777453422546387,-0.0008437633514404297
0.11641049385070801,0.05260205268859863,0.0651712417602539,-0.0037598609924316406
0.1905062198638916,0.06849217414855957,0.060561180114746094,0.058380842208862305
0.2077627182006836,0.17144775390625,0.03894448280334473,-0.0034766197204589844
0.23929214477539062,0.1690680980682373,0.05953860282897949,-0.0014808177947998047
0.13652729988098145,0.06516265869140625,0.05771517753601074,0.007869482040405273
0.13564348220825195,0.061661720275878906,0.054393768310546875,0.011922359466552734
0.13812255859375,0.06768560409545898,0.0555722713470459,0.0016932487487792969
0.21517157554626465,0.07026338577270508,0.1404736042022705,-0.003476381301879883
0.19105195999145508,0.06576323509216309,0.07535386085510254,0.00510096549987793
0.1748971939086914,0.06898856163024902,0.07132387161254883,0.015839338302612305
0.14698266983032227,0.05108308792114258,0.07074499130249023,0.007002592086791992
0.160111665725708,0.06587529182434082,0.07164454460144043,-0.0029311180114746094
0.2098100185394287,0.06900691986083984,0.08008456230163574,0.029851198196411133
0.1796283721923828,0.071258544921875,0.07719755172729492,0.015479326248168945
0.17852377891540527,0.08850789070129395,0.07221794128417969,0.004494190216064453
0.15889620780944824,0.06411957740783691,0.07054567337036133,-0.004553794860839844
0.1460869312286377,0.07162356376647949,0.07028651237487793,0.0026807785034179688
0.20470166206359863,0.06305789947509766,0.07362198829650879,0.01857900619506836
0.1576848030090332,0.06421160697937012,0.0778951644897461,0.004076957702636719
0.1753089427947998,0.06509804725646973,0.08483576774597168,-0.0023031234741210938
0.17790699005126953,0.0685431957244873,0.07262539863586426,0.021348953247070312
0.16358399391174316,0.06664252281188965,0.06929516792297363,0.01627182960510254
0.15899109840393066,0.0665442943572998,0.07658672332763672,-0.0014231204986572266
0.17457962036132812,0.06766366958618164,0.07228326797485352,0.005674123764038086
0.17349696159362793,0.06053423881530762,0.07432961463928223,-0.004658222198486328
0.1621999740600586,0.06942367553710938,0.07603931427001953,0.013585090637207031
0.1771988868713379,0.06526541709899902,0.07378554344177246,0.0196530818939209
0.14630341529846191,0.04549384117126465,0.06912970542907715,0.012724161148071289
0.19509267807006836,0.06961631774902344,0.08653044700622559,0.019626855850219727
0.1771848201751709,0.06938362121582031,0.07131552696228027,-0.00451970100402832
0.18608880043029785,0.06698226928710938,0.07325315475463867,0.025237560272216797
0.1628708839416504,0.06795024871826172,0.0694742202758789,0.009284496307373047
0.16305851936340332,0.08660459518432617,0.07256627082824707,-0.0003833770751953125
0.16821026802062988,0.06206011772155762,0.07366657257080078,0.0027289390563964844
0.14464569091796875,0.056646108627319336,0.0709066390991211,-0.0036487579345703125
0.13994860649108887,0.06469058990478516,0.0716094970703125,-0.0040895938873291016
0.2073352336883545,0.06709742546081543,0.0815885066986084,0.012037515640258789
0.13852381706237793,0.06020402908325195,0.07239079475402832,0.001959085464477539
0.20704340934753418,0.08277368545532227,0.07217669486999512,0.020974159240722656
0.16104841232299805,0.06224989891052246,0.07117080688476562,0.012771129608154297
0.17505908012390137,0.06702828407287598,0.08114290237426758,0.009218931198120117
0.1799936294555664,0.06583499908447266,0.07216906547546387,0.001420736312866211
0.19270992279052734,0.07034611701965332,0.07078909873962402,0.02292037010192871
0.14276766777038574,0.06264567375183105,0.07079076766967773,-0.00147247314453125
0.15209436416625977,0.06748652458190918,0.07180976867675781,-0.004722118377685547
0.18269133567810059,0.050595760345458984,0.07585501670837402,0.013127565383911133
0.15549635887145996,0.07330775260925293,0.07154512405395508,-0.003293275833129883
0.1371908187866211,0.06317925453186035,0.07127690315246582,0.0010154247283935547
0.1498405933380127,0.044000864028930664,0.07320666313171387,-0.003267526626586914
0.16247892379760742,0.0666816234588623,0.07548809051513672,0.010441780090332031
0.17855072021484375,0.06553292274475098,0.0724337100982666,0.018729209899902344
0.20990920066833496,0.102386474609375,0.07198596000671387,0.006413459777832031
0.1898481845855713,0.0666038990020752,0.07729363441467285,0.021460533142089844
0.1599411964416504,0.07205390930175781,0.07311201095581055,0.010110616683959961
0.17977166175842285,0.06777381896972656,0.07236838340759277,0.019665002822875977
0.17757272720336914,0.06566524505615234,0.07309937477111816,0.006560564041137695
0.16422295570373535,0.0684056282043457,0.06864690780639648,0.003542661666870117
0.14508771896362305,0.06725811958312988,0.07337260246276855,0.003103971481323242
0.1474306583404541,0.07255840301513672,0.06896448135375977,0.001999378204345703
0.16022038459777832,0.06988263130187988,0.07541608810424805,0.013319253921508789
0.15842676162719727,0.06396675109863281,0.08237218856811523,-0.0037696361541748047
0.1473982334136963,0.06499123573303223,0.06878924369812012,0.005509614944458008
0.18013858795166016,0.06667518615722656,0.07422065734863281,-0.004354715347290039
0.17008495330810547,0.06370878219604492,0.07073378562927246,0.026406049728393555
0.1538410186767578,0.06572985649108887,0.06884169578552246,0.002547025680541992
0.1877143383026123,0.08628964424133301,0.08566403388977051,0.011703252792358398
0.15819644927978516,0.06613445281982422,0.07624077796936035,-0.005160093307495117
0.20732784271240234,0.11873507499694824,0.07567477226257324,-0.005385160446166992
0.17605328559875488,0.07105517387390137,0.0803995132446289,0.004369020462036133
0.20991730690002441,0.05199146270751953,0.08557915687561035,0.01483297348022461
0.1588120460510254,0.06677651405334473,0.07478499412536621,-0.001367330551147461
0.17612600326538086,0.07696843147277832,0.07384729385375977,0.005602836608886719
0.1469273567199707,0.04593157768249512,0.07065010070800781,-0.003266572952270508
0.16115593910217285,0.06439805030822754,0.07144951820373535,0.020316362380981445
0.17708826065063477,0.06355857849121094,0.07334280014038086,0.023862600326538086
0.17904973030090332,0.07056593894958496,0.07199573516845703,0.01636028289794922
0.1772160530090332,0.08360719680786133,0.07535362243652344,0.0021729469299316406
0.1646122932434082,0.06882405281066895,0.06893467903137207,-0.0013725757598876953
0.14579343795776367,0.06755423545837402,0.07206439971923828,0.002649068832397461
0.17887449264526367,0.06794404983520508,0.07223868370056152,-0.0048868656158447266
0.16259288787841797,0.06748008728027344,0.07556819915771484,0.01198887825012207
0.18074512481689453,0.07073640823364258,0.06946921348571777,0.022736549377441406
0.17806529998779297,0.06989455223083496,0.0709683895111084,0.011202096939086914
0.21053838729858398,0.10469484329223633,0.08806586265563965,0.016959190368652344
0.1630258560180664,0.06824541091918945,0.0747675895690918,0.005605220794677734
0.17967963218688965,0.06742310523986816,0.08222007751464844,0.0036437511444091797
0.1705482006072998,0.05301618576049805,0.07015323638916016,0.0015799999237060547
0.19023633003234863,0.06516051292419434,0.07243943214416504,0.01790452003479004
0.14592814445495605,0.06812238693237305,0.07468581199645996,-0.004520893096923828
0.1437385082244873,0.0566709041595459,0.07166051864624023,0.011472940444946289
0.16311883926391602,0.07243680953979492,0.07030892372131348,0.00565648078918457
0.16463589668273926,0.07224869728088379,0.07504582405090332,-0.004203319549560547
0.1712794303894043,0.06797242164611816,0.08197593688964844,0.015889883041381836
0.1726551055908203,0.0800011157989502,0.0711984634399414,0.00703740119934082
0.19343948364257812,0.06632471084594727,0.07960343360900879,0.022928237915039062
0.1468954086303711,0.0683145523071289,0.07491612434387207,-0.0049130916595458984
0.1779937744140625,0.06879663467407227,0.0723576545715332,0.016295194625854492
0.1611039638519287,0.06973958015441895,0.07182717323303223,0.005789995193481445
0.18346381187438965,0.06718206405639648,0.0801091194152832,0.010816574096679688
0.14687609672546387,0.06922459602355957,0.07233667373657227,-0.004248619079589844
0.13309836387634277,0.06449222564697266,0.06919336318969727,-0.002019166946411133
0.16103839874267578,0.06587886810302734,0.06926226615905762,0.014952421188354492
0.14062142372131348,0.0688483715057373,0.06916379928588867,-0.0047190189361572266
0.17650604248046875,0.07051706314086914,0.0696723461151123,0.015336990356445312
0.1594562530517578,0.06912517547607422,0.07321739196777344,0.004709720611572266
0.2093660831451416,0.06840109825134277,0.07698988914489746,0.036093950271606445
0.1171104907989502,0.045516252517700195,0.07254981994628906,-0.005090475082397461
0.17804574966430664,0.08919453620910645,0.07213735580444336,0.015319347381591797
0.16109418869018555,0.06891393661499023,0.07303786277770996,0.0027937889099121094
0.2080707550048828,0.1008152961730957,0.06871151924133301,0.012231111526489258
0.14552044868469238,0.049185991287231445,0.07056164741516113,0.003701925277709961
0.19408154487609863,0.06932353973388672,0.07966804504394531,0.016282320022583008
0.17763686180114746,0.0646672248840332,0.07185745239257812,0.0238039493560791
0.1787583827972412,0.06645011901855469,0.07036113739013672,0.015569448471069336
0.17526984214782715,0.08041524887084961,0.0689094066619873,0.008253097534179688
0.1652975082397461,0.07698917388916016,0.07956957817077637,-0.004601240158081055
0.1461961269378662,0.0717167854309082,0.07141590118408203,-0.0015268325805664062
0.20987367630004883,0.06806039810180664,0.07250857353210449,0.02052474021911621
0.16902756690979004,0.0717918872833252,0.0808711051940918,0.009660005569458008
0.17554020881652832,0.06761288642883301,0.07139873504638672,0.009482622146606445
0.13709783554077148,0.06554102897644043,0.0704190731048584,0.0003314018249511719
0.13622331619262695,0.06659078598022461,0.0729374885559082,-0.004133701324462891
0.164170503616333,0.07048821449279785,0.07228851318359375,0.01340794563293457
0.18486714363098145,0.08833837509155273,0.07210850715637207,0.023381948471069336
0.1437087059020996,0.05404019355773926,0.07307934761047363,0.005880594253540039
0.21648788452148438,0.10556626319885254,0.08453917503356934,0.014918804168701172
0.17488479614257812,0.07923579216003418,0.07442164421081543,0.016593456268310547
0.1488640308380127,0.04823589324951172,0.07469511032104492,0.010082006454467773
0.19343113899230957,0.06788969039916992,0.08579897880554199,0.013410329818725586
0.17248940467834473,0.06678986549377441,0.0810999870300293,0.010725259780883789
0.14572477340698242,0.07250571250915527,0.07420992851257324,-0.00215911865234375
0.18685412406921387,0.0610654354095459,0.07245945930480957,0.020288705825805664
0.16665887832641602,0.06724095344543457,0.07326841354370117,0.014531850814819336
0.1630251407623291,0.07924509048461914,0.07580447196960449,-0.0039000511169433594
0.18625569343566895,0.08659195899963379,0.07208847999572754,0.009840965270996094
0.15794801712036133,0.07723879814147949,0.07061362266540527,-0.005381345748901367
0.13785171508789062,0.06693434715270996,0.07472658157348633,-0.0048220157623291016
0.17513227462768555,0.06473612785339355,0.07408404350280762,0.016101360321044922
0.19433903694152832,0.06978034973144531,0.08833932876586914,0.02271270751953125
0.1780104637145996,0.07219123840332031,0.07852053642272949,0.023800373077392578
0.17615294456481934,0.08110380172729492,0.07229971885681152,0.007365226745605469
0.17486810684204102,0.09041905403137207,0.07388114929199219,-0.004151105880737305
0.1344895362854004,0.06292200088500977,0.0682680606842041,-0.003233194351196289
0.14916348457336426,0.06691908836364746,0.0776364803314209,-0.0047457218170166016
0.1452312469482422,0.04400825500488281,0.0756535530090332,0.011691808700561523
0.19423460960388184,0.06871771812438965,0.07231974601745605,-9.393692016601562e-05
0.14463257789611816,0.06538009643554688,0.07478761672973633,0.0035681724548339844
0.11360740661621094,0.040564537048339844,0.07174253463745117,-0.005064487457275391
0.16263771057128906,0.06647491455078125,0.07121038436889648,0.01834392547607422
0.1590123176574707,0.0630958080291748,0.07604169845581055,0.0017354488372802734
0.18747663497924805,0.07415771484375,0.0809333324432373,0.011431455612182617
0.15308022499084473,0.04825401306152344,0.07227087020874023,-0.0037260055541992188
0.1528162956237793,0.0660090446472168,0.06343340873718262,0.021799087524414062
0.12927961349487305,0.06422758102416992,0.05401968955993652,-0.0013861656188964844
0.1170036792755127,0.06638813018798828,0.05237698554992676,-0.0047299861907958984
0.14330053329467773,0.06769037246704102,0.053711652755737305,-0.00017309188842773438
0.17552471160888672,0.0883326530456543,0.05532646179199219,0.0074651241302490234
0.16352343559265137,0.06545734405517578,0.052739858627319336,0.02156233787536621
0.14356780052185059,0.07114386558532715,0.05662202835083008,0.006196737289428711
0.14587044715881348,0.06898689270019531,0.05130124092102051,0.020451784133911133
0.14498257637023926,0.08141088485717773,0.05705904960632324,-0.005613565444946289
0.12857699394226074,0.06714463233947754,0.05557441711425781,-0.0001456737518310547
0.13016295433044434,0.06262803077697754,0.05312943458557129,0.01131749153137207
0.14511704444885254,0.07453584671020508,0.05597066879272461,-0.0008809566497802734
0.14789104461669922,0.07048654556274414,0.06502127647399902,-0.0007078647613525391
0.20467114448547363,0.06366515159606934,0.12715983390808105,0.006976604461669922
0.17454290390014648,0.073211669921875,0.06862783432006836,0.00867605209350586
0.21454691886901855,0.0918576717376709,0.06964254379272461,0.03894805908203125
0.16271734237670898,0.06603384017944336,0.07681393623352051,0.017223119735717773
0.1833629608154297,0.11499142646789551,0.06960725784301758,-0.003246307373046875
0.17512202262878418,0.06883597373962402,0.07328391075134277,0.014441728591918945
0.15830588340759277,0.07684707641601562,0.07157707214355469,0.006299734115600586
0.16301965713500977,0.07303547859191895,0.07125329971313477,-0.0007090568542480469
0.1525266170501709,0.0699915885925293,0.07197809219360352,0.009486675262451172
0.1457657814025879,0.06959295272827148,0.06976151466369629,-0.004827737808227539
0.15249347686767578,0.0663292407989502,0.07363247871398926,0.011599302291870117
0.16412901878356934,0.07196187973022461,0.0717308521270752,0.0040187835693359375
0.1834115982055664,0.06407546997070312,0.07079935073852539,0.015726804733276367
0.17312288284301758,0.06984806060791016,0.07306909561157227,-0.005410432815551758
0.18776249885559082,0.08050131797790527,0.0873861312866211,-3.719329833984375e-05
0.14383935928344727,0.06659078598022461,0.0793466567993164,-0.003070354461669922
0.1778712272644043,0.08237028121948242,0.07106590270996094,0.021045684814453125
0.16060352325439453,0.0659937858581543,0.07091140747070312,0.011810779571533203
0.17851662635803223,0.06584644317626953,0.0722036361694336,0.02099919319152832
0.17834758758544922,0.06446504592895508,0.07150101661682129,0.011871814727783203
0.17778968811035156,0.08526372909545898,0.0743703842163086,1.239776611328125e-05
0.13670969009399414,0.06302499771118164,0.07511615753173828,-0.005026817321777344
0.14865756034851074,0.06848478317260742,0.0720217227935791,-0.004569292068481445
0.1826925277709961,0.040220022201538086,0.07127881050109863,0.05663013458251953
0.16401910781860352,0.07963728904724121,0.07230854034423828,0.008425235748291016
0.20121383666992188,0.05799293518066406,0.07111740112304688,0.013347148895263672
0.1526780128479004,0.061249732971191406,0.06943106651306152,0.015604734420776367
0.1701054573059082,0.07275247573852539,0.06867456436157227,0.0007462501525878906
0.16486907005310059,0.08989286422729492,0.0705270767211914,-0.005778312683105469
0.15173006057739258,0.06769895553588867,0.0690305233001709,0.009023666381835938
0.15004944801330566,0.06575703620910645,0.06814885139465332,0.0011827945709228516
0.19216561317443848,0.0976095199584961,0.07716965675354004,-0.004044055938720703
0.15788888931274414,0.07223629951477051,0.07960772514343262,-0.0033550262451171875
0.13985872268676758,0.06433916091918945,0.07363343238830566,0.0007388591766357422
0.14484810829162598,0.07825875282287598,0.06855916976928711,-0.0049037933349609375
0.15836310386657715,0.0634775161743164,0.0727834701538086,0.013971567153930664
0.15608453750610352,0.06325912475585938,0.07637691497802734,-0.0038084983825683594
0.17904448509216309,0.06829428672790527,0.07133126258850098,0.007014751434326172
0.15299415588378906,0.08165168762207031,0.07220149040222168,-0.0023381710052490234
0.1454906463623047,0.06604766845703125,0.07340145111083984,0.0012769699096679688
0.15184950828552246,0.06669998168945312,0.06977987289428711,0.0013513565063476562
0.15356922149658203,0.052702903747558594,0.0697317123413086,-0.005384922027587891
0.2327134609222412,0.12396001815795898,0.07211422920227051,0.016759395599365234
0.17638230323791504,0.07282781600952148,0.07799792289733887,0.009958744049072266
0.1373274326324463,0.06026768684387207,0.07255029678344727,-0.002135753631591797
0.18868327140808105,0.06627583503723145,0.07463645935058594,0.01709723472595215
0.17500543594360352,0.06847691535949707,0.07204937934875488,0.023049592971801758
0.21846699714660645,0.10321450233459473,0.07144784927368164,0.025478601455688477
0.16711640357971191,0.06920361518859863,0.08196568489074707,-0.002183675765991211
0.1932659149169922,0.08860993385314941,0.07174944877624512,0.01639842987060547
0.17098641395568848,0.06407499313354492,0.07618093490600586,0.015803098678588867
0.1775956153869629,0.0676112174987793,0.07663774490356445,0.004915952682495117
0.13122844696044922,0.06060504913330078,0.07128286361694336,-0.004898548126220703
0.17649340629577637,0.06147432327270508,0.07574915885925293,0.02965402603149414
0.17748546600341797,0.06594085693359375,0.06884622573852539,0.022201061248779297
0.17616629600524902,0.08091259002685547,0.0788111686706543,0.00544285774230957
0.16261601448059082,0.06253266334533691,0.07280993461608887,-0.004122257232666016
0.14533591270446777,0.06415200233459473,0.07415771484375,-0.0011453628540039062
0.1459331512451172,0.08195114135742188,0.06775689125061035,-0.005834102630615234
0.1604902744293213,0.0632178783416748,0.0686943531036377,0.018872737884521484
0.1451714038848877,0.06476640701293945,0.06875991821289062,-0.0032722949981689453
0.17741680145263672,0.06810307502746582,0.07581281661987305,0.01732158660888672
0.1614673137664795,0.06669831275939941,0.07090425491333008,0.0060961246490478516
0.19414997100830078,0.09901881217956543,0.07044529914855957,-0.0013496875762939453
0.14452195167541504,0.06017446517944336,0.07308530807495117,0.0030786991119384766
0.15961194038391113,0.06412768363952637,0.07134246826171875,0.022927284240722656
0.1415843963623047,0.0638420581817627,0.07129859924316406,-0.004275083541870117
0.15889596939086914,0.0657649040222168,0.07252240180969238,0.0018055438995361328
0.19321012496948242,0.08314752578735352,0.07114887237548828,-0.0039310455322265625
0.1528937816619873,0.05803847312927246,0.07384443283081055,0.005498170852661133
0.1562507152557373,0.06781864166259766,0.07176065444946289,-0.0054874420166015625
0.15254998207092285,0.06456947326660156,0.07148909568786621,0.009755611419677734
0.1533057689666748,0.07022261619567871,0.07463693618774414,-0.004305601119995117
0.15194487571716309,0.06557655334472656,0.08268523216247559,-0.0007965564727783203
0.18475699424743652,0.06792855262756348,0.07342934608459473,0.01304769515991211
0.14853715896606445,0.06859755516052246,0.07291865348815918,-0.0027337074279785156
0.15599989891052246,0.06586194038391113,0.07906603813171387,0.00994563102722168
0.16408991813659668,0.06945610046386719,0.07720303535461426,-0.004769802093505859
0.17775368690490723,0.06866192817687988,0.07640671730041504,-0.004289388656616211
0.1797182559967041,0.08459925651550293,0.08078908920288086,0.007754087448120117
0.16334819793701172,0.06939148902893066,0.07634139060974121,-0.005014181137084961
0.1450948715209961,0.06677103042602539,0.07244014739990234,3.5762786865234375e-05
0.14551210403442383,0.045648813247680664,0.07182073593139648,0.02256608009338379
0.15949249267578125,0.06966972351074219,0.07446599006652832,0.009238243103027344
0.20981049537658691,0.10659241676330566,0.07998538017272949,0.010149002075195312
0.1732501983642578,0.07153105735778809,0.08580923080444336,0.012170076370239258
0.15409040451049805,0.06894588470458984,0.05567002296447754,0.018468141555786133
0.15965628623962402,0.09632396697998047,0.05592179298400879,0.005781650543212891
0.1455690860748291,0.06336832046508789,0.0570530891418457,-0.004986286163330078
0.14561891555786133,0.07054686546325684,0.056917428970336914,-0.0007910728454589844
0.1292250156402588,0.06177997589111328,0.05472970008850098,0.0076868534088134766
0.16194462776184082,0.06372380256652832,0.05806851387023926,0.011414527893066406
0.18367695808410645,0.06925368309020996,0.06189537048339844,0.03249168395996094
0.14714837074279785,0.06266140937805176,0.05386781692504883,0.007970094680786133
0.38820767402648926,0.06264829635620117,0.13005304336547852,0.01249551773071289
0.33316969871520996,0.07079815864562988,0.08199286460876465,0.020786762237548828
0.15892362594604492,0.06754827499389648,0.07240605354309082,0.012846946716308594
0.14806818962097168,0.07264399528503418,0.05395388603210449,0.0072443485260009766
0.14523863792419434,0.06830811500549316,0.05696821212768555,0.009723901748657227
0.14861083030700684,0.08895540237426758,0.052706003189086914,-0.006091594696044922
0.13281822204589844,0.0681312084197998,0.05615711212158203,-0.00014901161193847656
0.13098978996276855,0.06441450119018555,0.05517721176147461,0.005913496017456055
0.14521145820617676,0.07275271415710449,0.05518078804016113,-0.005068540573120117
0.14489245414733887,0.0720365047454834,0.05330038070678711,0.00622105598449707
0.15061521530151367,0.06177020072937012,0.05405569076538086,0.008945703506469727
0.1544501781463623,0.06963062286376953,0.05196380615234375,0.018932104110717773
0.17623353004455566,0.09214401245117188,0.05600738525390625,0.015078306198120117
0.09492659568786621,0.041849613189697266,0.05464315414428711,-0.0023581981658935547
0.13771772384643555,0.07939910888671875,0.05497932434082031,-0.0020949840545654297
0.12950682640075684,0.06992244720458984,0.057497501373291016,0.0005548000335693359
0.16109991073608398,0.07067322731018066,0.05692553520202637,0.006084918975830078
0.14608526229858398,0.07320308685302734,0.053772926330566406,-0.0010581016540527344
0.14556360244750977,0.06915879249572754,0.05401206016540527,0.008189678192138672
0.17699694633483887,0.08954644203186035,0.052159786224365234,0.018094778060913086
0.1355273723602295,0.07042169570922852,0.0594944953918457,-0.00418400764465332
0.13199257850646973,0.0729820728302002,0.05484437942504883,-0.0012760162353515625
0.12232685089111328,0.07091045379638672,0.052828311920166016,-0.002579927444458008
0.1444382667541504,0.07070255279541016,0.05679941177368164,-0.004503488540649414
0.12981843948364258,0.06545400619506836,0.059012413024902344,0.0007901191711425781
0.13141584396362305,0.0692908763885498,0.05474138259887695,0.00616145133972168
0.14394474029541016,0.07853174209594727,0.05549931526184082,-0.005378007888793945
0.13687920570373535,0.06373405456542969,0.053583621978759766,0.004590749740600586
0.1737992763519287,0.08279633522033691,0.05302309989929199,0.012815475463867188
0.13356733322143555,0.06744074821472168,0.05595588684082031,-0.004564762115478516
0.1671438217163086,0.06831097602844238,0.05411505699157715,0.0025424957275390625
0.13605523109436035,0.06305646896362305,0.05303454399108887,0.01644110679626465
0.20875334739685059,0.043245792388916016,0.12088608741760254,0.021411418914794922
0.16070866584777832,0.06394624710083008,0.08740425109863281,-0.002127408981323242
0.14426088333129883,0.06319522857666016,0.07420063018798828,-0.0013129711151123047
0.13427734375,0.0664057731628418,0.06847810745239258,-0.003337860107421875
0.1636488437652588,0.06262993812561035,0.07102513313293457,0.016377925872802734
0.2191944122314453,0.06953263282775879,0.07341933250427246,0.030002832412719727
0.13025474548339844,0.04714465141296387,0.07359838485717773,-0.0045168399810791016
0.16257762908935547,0.08056092262268066,0.0697481632232666,0.004431724548339844
0.20548295974731445,0.06785917282104492,0.08734774589538574,0.030855417251586914
0.1804332733154297,0.06774115562438965,0.07427763938903809,0.019377946853637695
0.17687344551086426,0.082977294921875,0.0720679759979248,0.009882450103759766
0.1917891502380371,0.06759047508239746,0.08099842071533203,0.02218914031982422
0.14346599578857422,0.06471681594848633,0.07185006141662598,-0.0034105777740478516
0.17740154266357422,0.0709228515625,0.0712885856628418,0.01919245719909668
0.15762782096862793,0.0653681755065918,0.06860780715942383,0.009943246841430664
0.18604040145874023,0.06664896011352539,0.06844115257263184,0.031790971755981445
0.18084216117858887,0.06820011138916016,0.07808613777160645,0.0064127445220947266
0.18087387084960938,0.1068732738494873,0.07207536697387695,-0.0024461746215820312
0.13540267944335938,0.07155179977416992,0.06824564933776855,-0.00532078742980957
0.1419508457183838,0.06841111183166504,0.07116150856018066,-0.0058438777923583984
0.13920378684997559,0.05366063117980957,0.06904721260070801,0.01562952995300293
0.1851496696472168,0.06275224685668945,0.07504701614379883,0.0029468536376953125
0.13949179649353027,0.06722235679626465,0.04366564750671387,0.003385305404663086
0.14545583724975586,0.06601500511169434,0.0737764835357666,-0.005036830902099609
0.14426517486572266,0.05338120460510254,0.07298874855041504,-0.0030884742736816406
0.20276975631713867,0.0788118839263916,0.07378888130187988,0.04714703559875488
0.15446853637695312,0.06255722045898438,0.07152414321899414,0.00019550323486328125
0.20713233947753906,0.06093716621398926,0.07198905944824219,0.0072023868560791016
0.17253684997558594,0.05923318862915039,0.07489609718322754,0.02170872688293457
0.15555429458618164,0.06681656837463379,0.07355642318725586,0.009367227554321289
0.1746675968170166,0.06502461433410645,0.08143138885498047,0.005310773849487305
0.17817473411560059,0.06581544876098633,0.07339000701904297,-0.005887269973754883
0.1622631549835205,0.06479525566101074,0.07305574417114258,0.015288591384887695
0.17572522163391113,0.06458640098571777,0.07393956184387207,0.017805099487304688
0.14388489723205566,0.06463909149169922,0.06983041763305664,0.008565902709960938
0.17627906799316406,0.08199381828308105,0.06900906562805176,0.0019996166229248047
0.1632382869720459,0.06600069999694824,0.06936216354370117,-0.002189159393310547
0.14515256881713867,0.06314373016357422,0.07446789741516113,-0.002008199691772461
0.1813950538635254,0.07606649398803711,0.07073664665222168,-0.005352020263671875
0.1618947982788086,0.0646507740020752,0.07093548774719238,0.014219999313354492
0.1777489185333252,0.06167435646057129,0.08906936645507812,0.0051305294036865234
0.15042328834533691,0.040715694427490234,0.07118105888366699,0.03236198425292969
0.14562368392944336,0.06521368026733398,0.07937121391296387,-0.003795146942138672
0.19064974784851074,0.11542391777038574,0.07220673561096191,-0.0012543201446533203
0.17723941802978516,0.06888103485107422,0.0693521499633789,0.01756453514099121
0.1663801670074463,0.05246305465698242,0.07211470603942871,-0.0007634162902832031
0.1542067527770996,0.0598905086517334,0.0722663402557373,0.020724058151245117
0.14704370498657227,0.06234383583068848,0.07203388214111328,-0.003766775131225586
0.17688846588134766,0.07060122489929199,0.07175922393798828,0.01689624786376953
0.16133666038513184,0.06130695343017578,0.07072758674621582,0.011063337326049805
0.16597485542297363,0.06449222564697266,0.0785515308380127,-0.003125905990600586
0.1503758430480957,0.06390666961669922,0.0711820125579834,0.006465435028076172
0.2029707431793213,0.06602811813354492,0.07037472724914551,0.0200042724609375
0.1542367935180664,0.05832195281982422,0.07264184951782227,0.013161659240722656
0.15091347694396973,0.06339335441589355,0.07080483436584473,-0.005456447601318359
0.18495607376098633,0.06821489334106445,0.06880664825439453,0.021181344985961914
0.1664106845855713,0.06634998321533203,0.0722658634185791,0.009891033172607422
0.1663379669189453,0.0785820484161377,0.07224130630493164,-0.0003657341003417969
0.1679379940032959,0.07935786247253418,0.07224416732788086,-0.0038449764251708984
0.17282986640930176,0.06727290153503418,0.06908631324768066,-0.00477290153503418
0.1920020580291748,0.08655667304992676,0.07034492492675781,0.028881072998046875
0.1453380584716797,0.06596136093139648,0.07087564468383789,-0.0047495365142822266
0.17304134368896484,0.08872580528259277,0.06843185424804688,0.014399051666259766
0.14681363105773926,0.04317045211791992,0.06876230239868164,0.019245386123657227
0.160170316696167,0.06380796432495117,0.06809377670288086,0.0018782615661621094
0.2108290195465088,0.11518621444702148,0.07314085960388184,0.009061574935913086
0.15641021728515625,0.04045462608337402,0.07023000717163086,0.011385440826416016
0.1622152328491211,0.06838130950927734,0.06895256042480469,-0.0062367916107177734
0.20934438705444336,0.08614134788513184,0.07756233215332031,0.02438044548034668
0.17896676063537598,0.06405925750732422,0.07201457023620605,0.014925479888916016
0.17687392234802246,0.08142399787902832,0.07150745391845703,0.004065990447998047
0.1652839183807373,0.07052803039550781,0.073577880859375,-0.0053997039794921875
0.14313793182373047,0.06611800193786621,0.07124638557434082,-0.002933025360107422
0.17550182342529297,0.06509757041931152,0.07689380645751953,0.014481782913208008
0.15857720375061035,0.06786537170410156,0.07451224327087402,0.00020456314086914062
0.1756291389465332,0.06366944313049316,0.06950926780700684,0.01237344741821289
0.14731526374816895,0.06873106956481934,0.06971502304077148,0.005265235900878906
0.20798802375793457,0.08377504348754883,0.08867645263671875,0.010318756103515625
0.16712331771850586,0.0674128532409668,0.07594609260559082,0.003473997116088867
0.17478060722351074,0.0666494369506836,0.07373380661010742,0.00018739700317382812
0.17146539688110352,0.055708885192871094,0.08248162269592285,0.014663219451904297
0.16295146942138672,0.0676875114440918,0.07463741302490234,0.001995086669921875
0.14446210861206055,0.06477046012878418,0.07379603385925293,0.005092620849609375
0.15349411964416504,0.07041740417480469,0.07313036918640137,0.0016324520111083984
0.1986684799194336,0.0677328109741211,0.0762939453125,0.017664194107055664
0.171600341796875,0.0693197250366211,0.07143950462341309,0.019373178482055664
0.2036285400390625,0.10247945785522461,0.07984232902526855,-0.0005080699920654297
0.16044902801513672,0.06430792808532715,0.07948589324951172,0.014214754104614258
0.16033291816711426,0.06568527221679688,0.07190799713134766,0.0031456947326660156
0.17815303802490234,0.06774091720581055,0.0714423656463623,0.01142573356628418
0.17899608612060547,0.06970882415771484,0.06966519355773926,0.005574464797973633
0.19098782539367676,0.06650304794311523,0.08813333511352539,0.007879972457885742
0.17559242248535156,0.06979656219482422,0.07287979125976562,0.015655517578125
0.14643478393554688,0.06469202041625977,0.07481813430786133,0.002429485321044922
0.21068620681762695,0.08587360382080078,0.0878303050994873,0.009302616119384766
0.17537641525268555,0.06694602966308594,0.07613492012023926,0.008993387222290039
0.18033790588378906,0.06951141357421875,0.08424878120422363,0.024511098861694336
0.16382503509521484,0.0646064281463623,0.08898711204528809,-0.0042307376861572266
0.14136528968811035,0.06400585174560547,0.0773007869720459,-0.004192829132080078
0.17893290519714355,0.06529974937438965,0.07505106925964355,0.018306732177734375
0.16526103019714355,0.06852865219116211,0.0779571533203125,0.001978158950805664
0.22237014770507812,0.10108470916748047,0.0730445384979248,0.019083261489868164
0.14258670806884766,0.06482744216918945,0.06831574440002441,-0.0007510185241699219
0.11553287506103516,0.044068098068237305,0.06855130195617676,-0.005435943603515625
0.19202136993408203,0.06380128860473633,0.07268953323364258,0.04691314697265625
0.17852163314819336,0.06526470184326172,0.07607722282409668,0.01739048957824707
0.2102057933807373,0.06535959243774414,0.07180023193359375,0.0065920352935791016
0.16348028182983398,0.07225871086120605,0.07025909423828125,-0.0005383491516113281
0.1607809066772461,0.06463932991027832,0.07750654220581055,0.015325069427490234
0.17629790306091309,0.07023787498474121,0.07507157325744629,0.01897573471069336
0.17752742767333984,0.0677642822265625,0.07587790489196777,0.00622868537902832
0.16020703315734863,0.07135391235351562,0.07075810432434082,-0.0043141841888427734
0.17916083335876465,0.06409239768981934,0.07155704498291016,0.03899574279785156
0.14677929878234863,0.06728267669677734,0.07135176658630371,-0.0044689178466796875
0.17628097534179688,0.08727502822875977,0.06959080696105957,0.018054962158203125
0.1603562831878662,0.06658339500427246,0.07198691368103027,0.007457733154296875
0.17580008506774902,0.0668942928314209,0.07092905044555664,0.01448965072631836
0.17972683906555176,0.0652163028717041,0.0806732177734375,-0.0015091896057128906
0.13062644004821777,0.07088899612426758,0.062462806701660156,-0.004050731658935547
0.2069411277770996,0.06484723091125488,0.12084150314331055,0.017644166946411133
0.1460113525390625,0.051593780517578125,0.07071256637573242,0.009722471237182617
0.15927386283874512,0.06812572479248047,0.07700943946838379,-0.004344940185546875
0.14384126663208008,0.06815552711486816,0.06899404525756836,0.0033807754516601562
0.1759028434753418,0.06729793548583984,0.08462119102478027,0.013924598693847656
0.16255784034729004,0.07239866256713867,0.07384920120239258,0.0020661354064941406
0.22675633430480957,0.06975364685058594,0.07279205322265625,0.05524778366088867
0.15471601486206055,0.06842470169067383,0.07129359245300293,0.007544279098510742
0.20823287963867188,0.0630648136138916,0.07941651344299316,0.012058019638061523
0.15142560005187988,0.05743527412414551,0.07793474197387695,-0.0030388832092285156
0.15075421333312988,0.0636301040649414,0.06900501251220703,0.012016773223876953
0.17718791961669922,0.0625765323638916,0.08487439155578613,0.01641392707824707
0.16124224662780762,0.06468605995178223,0.06845617294311523,0.014909744262695312
0.1665656566619873,0.06594657897949219,0.08316159248352051,-0.004077911376953125
0.1903071403503418,0.07360100746154785,0.0748591423034668,0.005426168441772461
0.2011096477508545,0.07383179664611816,0.07032012939453125,0.014736175537109375
0.1467587947845459,0.06280303001403809,0.07125353813171387,0.005193233489990234
0.1752312183380127,0.06378817558288574,0.07269644737243652,0.009960651397705078
0.17684197425842285,0.06778955459594727,0.07064437866210938,-0.0015964508056640625
0.16216540336608887,0.06629610061645508,0.07292985916137695,0.02205061912536621
0.14461207389831543,0.06314897537231445,0.0725247859954834,-0.006101846694946289
0.17610883712768555,0.06937694549560547,0.08321404457092285,0.0061872005462646484
0.16945600509643555,0.07380247116088867,0.07774686813354492,-0.003937482833862305
0.19262266159057617,0.06342768669128418,0.09077167510986328,-0.005042314529418945
0.14527249336242676,0.06400609016418457,0.07320618629455566,-7.62939453125e-06
0.15041875839233398,0.08416080474853516,0.07052016258239746,-0.005103349685668945
0.14472126960754395,0.06794381141662598,0.07216382026672363,-0.004391193389892578
0.14912772178649902,0.0673990249633789,0.06878042221069336,-0.005345344543457031
0.17124342918395996,0.06685900688171387,0.07133078575134277,0.017528295516967773
0.1598834991455078,0.07244324684143066,0.07611727714538574,0.0010180473327636719
0.16665959358215332,0.0783073902130127,0.07292938232421875,-0.0051500797271728516
0.14688396453857422,0.07037067413330078,0.06938886642456055,5.793571472167969e-05
0.2092289924621582,0.07069516181945801,0.0729677677154541,0.020528078079223633
0.161942720413208,0.07919144630432129,0.07058334350585938,0.010605096817016602
0.17690467834472656,0.07095599174499512,0.07327437400817871,0.014419317245483398
0.17891812324523926,0.07067227363586426,0.07250714302062988,0.005808591842651367
0.18177199363708496,0.09488534927368164,0.07123160362243652,-0.0021028518676757812
0.14652633666992188,0.07129287719726562,0.07598114013671875,-0.002182483673095703
0.17349624633789062,0.07648038864135742,0.0751652717590332,0.011145830154418945
0.17186927795410156,0.054602622985839844,0.07159709930419922,0.0017747879028320312
0.1652545928955078,0.07263708114624023,0.07243943214416504,-0.005197763442993164
0.14374089241027832,0.06948709487915039,0.07081484794616699,-0.0029866695404052734
0.14560985565185547,0.04762744903564453,0.07001948356628418,0.024402856826782227
0.1635141372680664,0.06156659126281738,0.07169842720031738,0.015419721603393555
0.16456151008605957,0.07258272171020508,0.07179522514343262,0.005910158157348633
0.2075192928314209,0.1037130355834961,0.0724935531616211,0.009894609451293945
0.15953731536865234,0.05424904823303223,0.07108521461486816,-0.0015354156494140625
0.1595160961151123,0.06651115417480469,0.07162809371948242,0.020020723342895508
0.15520668029785156,0.06628561019897461,0.06930875778198242,0.007727146148681641
0.1503133773803711,0.06633377075195312,0.07109189033508301,-0.005563259124755859
0.20873236656188965,0.10171389579772949,0.07005906105041504,0.01237630844116211
0.16021013259887695,0.066192626953125,0.07763671875,-0.003022909164428711
0.14397215843200684,0.0679471492767334,0.07077956199645996,0.0031986236572265625
0.18058538436889648,0.0667262077331543,0.07316970825195312,-0.0037543773651123047
0.16273713111877441,0.07590723037719727,0.0695641040802002,0.015549898147583008
0.17512202262878418,0.06710028648376465,0.0817880630493164,0.01049041748046875
0.17552781105041504,0.06885361671447754,0.07082748413085938,0.002009153366088867
0.19543933868408203,0.067596435546875,0.07503151893615723,0.022472381591796875
0.14617156982421875,0.06951189041137695,0.07113862037658691,-0.0042057037353515625
0.18915867805480957,0.07008743286132812,0.07544875144958496,0.025988101959228516
0.16376924514770508,0.06807541847229004,0.0767512321472168,0.0011410713195800781
0.19524645805358887,0.12422776222229004,0.07034683227539062,-0.005181789398193359
0.14659476280212402,0.07474184036254883,0.07147908210754395,-0.0008254051208496094
0.17790770530700684,0.06776928901672363,0.0717000961303711,0.02053070068359375
0.20249676704406738,0.06757640838623047,0.07183337211608887,0.05147600173950195
0.16403675079345703,0.07680845260620117,0.07317709922790527,0.0028791427612304688
0.24213337898254395,0.06721806526184082,0.09355592727661133,0.018110275268554688
0.15863585472106934,0.05749320983886719,0.08703255653381348,-0.0050811767578125
0.17562389373779297,0.06377577781677246,0.07587599754333496,0.0259552001953125
0.17434048652648926,0.06709527969360352,0.07094836235046387,0.015059232711791992
0.17524266242980957,0.08013796806335449,0.07525897026062012,0.002471446990966797
0.1635127067565918,0.06637454032897949,0.07255744934082031,-0.005760908126831055
0.14689230918884277,0.06899476051330566,0.07528972625732422,-0.0050160884857177734
0.14795422554016113,0.06785058975219727,0.06624770164489746,-0.0057566165924072266
0.1613631248474121,0.06889605522155762,0.07781863212585449,0.006811618804931641
0.17945027351379395,0.07931327819824219,0.08238601684570312,0.004542827606201172
0.15282487869262695,0.06557941436767578,0.07308840751647949,-0.0010254383087158203
0.15959882736206055,0.06620049476623535,0.07152891159057617,0.014674186706542969
0.15718603134155273,0.06669807434082031,0.07200384140014648,0.006078958511352539
0.17815876007080078,0.06814122200012207,0.07046151161193848,0.014713525772094727
0.1541299819946289,0.05227231979370117,0.056014060974121094,0.029512882232666016
0.13182783126831055,0.06984782218933105,0.05586123466491699,-0.0016796588897705078
0.18900799751281738,0.11632347106933594,0.055219173431396484,0.01010274887084961
0.13864731788635254,0.05939197540283203,0.05586528778076172,0.0005471706390380859
0.11437678337097168,0.046858787536621094,0.05361032485961914,0.010944128036499023
0.16012859344482422,0.06535911560058594,0.055452585220336914,0.016130924224853516
0.16117477416992188,0.06830167770385742,0.05604839324951172,0.02194356918334961
0.14211034774780273,0.06513190269470215,0.054390668869018555,0.013032197952270508
0.14601731300354004,0.06816458702087402,0.055774688720703125,0.020654916763305664
0.14663243293762207,0.08108782768249512,0.053734540939331055,-0.0017130374908447266
0.12833595275878906,0.07131147384643555,0.05638766288757324,-0.0009391307830810547
0.13071107864379883,0.06587028503417969,0.05511474609375,0.008867263793945312
0.1477830410003662,0.06567096710205078,0.0543057918548584,-0.0008380413055419922
0.14294695854187012,0.07016158103942871,0.06285405158996582,-0.004144430160522461
0.1278378963470459,0.06403732299804688,0.05283355712890625,0.008066177368164062
0.15924954414367676,0.06318926811218262,0.054457902908325195,0.01422739028930664
0.1775522232055664,0.06594467163085938,0.06876802444458008,0.0270841121673584
0.147430419921875,0.06502175331115723,0.05638575553894043,0.0015611648559570312
0.1763460636138916,0.06677079200744629,0.05365443229675293,0.0061969757080078125
0.15995073318481445,0.06598377227783203,0.053385019302368164,0.01732468605041504
0.12970685958862305,0.06355428695678711,0.052553653717041016,-0.004194498062133789
0.1464369297027588,0.06798219680786133,0.054987430572509766,0.01933765411376953
0.1463937759399414,0.07274866104125977,0.05542755126953125,-0.005452156066894531
0.129561185836792,0.06673860549926758,0.05295991897583008,0.002938508987426758
0.16069936752319336,0.06749439239501953,0.05649113655090332,0.00857400894165039
0.14504408836364746,0.06932973861694336,0.055474042892456055,0.0001595020294189453
0.14284181594848633,0.06510424613952637,0.05655670166015625,0.005835771560668945
0.18789458274841309,0.051041603088378906,0.05614495277404785,0.05376029014587402
0.1552722454071045,0.07381057739257812,0.059168100357055664,0.008035659790039062
0.19170594215393066,0.06542515754699707,0.05866813659667969,0.017205476760864258
0.13717293739318848,0.06978416442871094,0.05541825294494629,0.010370731353759766
0.14893126487731934,0.07221055030822754,0.055507659912109375,0.01752185821533203
0.13332581520080566,0.07390856742858887,0.05486488342285156,-0.004181385040283203
0.13223028182983398,0.06867122650146484,0.055030107498168945,0.0023653507232666016
0.1858208179473877,0.07214808464050293,0.05554008483886719,0.03277778625488281
0.1558525562286377,0.07285833358764648,0.05357694625854492,0.011141061782836914
0.17890715599060059,0.06493878364562988,0.05364727973937988,0.012107133865356445
0.13064312934875488,0.07824540138244629,0.054323434829711914,-0.005579233169555664
0.15414857864379883,0.0626983642578125,0.053185224533081055,-0.0035355091094970703
0.1755218505859375,0.07648205757141113,0.0587310791015625,0.014217138290405273
0.14655208587646484,0.06928205490112305,0.05560922622680664,-0.00434565544128418
0.14384174346923828,0.08299422264099121,0.055597543716430664,-0.0025107860565185547
0.16122746467590332,0.08299756050109863,0.055175065994262695,0.0017828941345214844
0.160264253616333,0.07723307609558105,0.054425716400146484,0.009653091430664062
0.14564800262451172,0.07385897636413574,0.053351640701293945,0.00435328483581543
0.14621734619140625,0.06804156303405762,0.054531097412109375,0.014815807342529297
0.15326142311096191,0.09499883651733398,0.054833173751831055,-0.005800008773803711
0.12850284576416016,0.0731661319732666,0.055531978607177734,-0.0054128170013427734
0.15286707878112793,0.0728144645690918,0.0556337833404541,-0.005277156829833984
0.14670062065124512,0.07013320922851562,0.05291891098022461,-0.004499912261962891
0.17113590240478516,0.06291556358337402,0.06478571891784668,0.01572561264038086
0.12518525123596191,0.06856513023376465,0.05282473564147949,-0.004045248031616211
0.12879276275634766,0.06389760971069336,0.060189247131347656,-0.00490880012512207
0.14267373085021973,0.07111716270446777,0.05356097221374512,0.01687026023864746
0.1475992202758789,0.04610133171081543,0.05577492713928223,0.0270540714263916
0.16326665878295898,0.07211446762084961,0.05526924133300781,0.033174753189086914
0.163224458694458,0.0625162124633789,0.05710792541503906,0.006857156753540039
0.2101292610168457,0.06939196586608887,0.05785512924194336,0.02703714370727539
0.14239192008972168,0.06740474700927734,0.05748867988586426,-0.001995563507080078
0.13403034210205078,0.07300162315368652,0.059098243713378906,0.0011773109436035156
0.12945103645324707,0.06302356719970703,0.05781888961791992,0.00513768196105957
0.1805582046508789,0.07013583183288574,0.05469107627868652,0.030802249908447266
0.1438286304473877,0.06053900718688965,0.05716085433959961,0.003685474395751953
0.17594552040100098,0.062050580978393555,0.053720712661743164,0.011245965957641602
0.15900635719299316,0.06784391403198242,0.06051516532897949,0.012421846389770508
0.13892507553100586,0.06564569473266602,0.05720829963684082,-0.0045201778411865234
0.15225982666015625,0.061304330825805664,0.05923128128051758,0.012310981750488281
0.14807987213134766,0.0740973949432373,0.05480313301086426,0.017836570739746094
0.14749836921691895,0.0868384838104248,0.055890798568725586,-0.005175352096557617
0.12361788749694824,0.07084321975708008,0.05472159385681152,-0.005903720855712891
0.12497091293334961,0.060715675354003906,0.056438446044921875,0.0009076595306396484
0.11784815788269043,0.05848240852355957,0.05679130554199219,-0.005212068557739258
0.146803617477417,0.07204174995422363,0.052970170974731445,0.0004601478576660156
0.12959909439086914,0.06709861755371094,0.056139469146728516,0.0053942203521728516
0.12972784042358398,0.06221723556518555,0.05680489540100098,0.00928640365600586
0.1469111442565918,0.06605052947998047,0.05445146560668945,0.0017626285552978516
0.11192846298217773,0.04607844352722168,0.05343198776245117,0.009459495544433594
0.16102385520935059,0.06480789184570312,0.05342268943786621,0.019854307174682617
0.16122794151306152,0.09872651100158691,0.05079197883605957,-0.0007386207580566406
0.12928342819213867,0.061922550201416016,0.05018162727355957,0.012066841125488281
0.15272903442382812,0.06417059898376465,0.055155277252197266,0.009296894073486328
0.150191068649292,0.0694584846496582,0.0520329475402832,0.017289161682128906
0.15058469772338867,0.05017900466918945,0.054529666900634766,-0.005362272262573242
0.158660888671875,0.06851530075073242,0.05232954025268555,0.03463339805603027
0.15318059921264648,0.08049392700195312,0.05468416213989258,0.0022013187408447266
0.17239928245544434,0.06708836555480957,0.054100990295410156,-0.0015757083892822266
0.14067840576171875,0.05705094337463379,0.06120443344116211,-0.0035066604614257812
0.12865805625915527,0.06717038154602051,0.05617332458496094,0.0015184879302978516
0.12956809997558594,0.06463980674743652,0.05500388145446777,0.008512258529663086
0.14553451538085938,0.06655406951904297,0.055419921875,-0.0008397102355957031
0.14879179000854492,0.07104659080505371,0.05184507369995117,0.012226104736328125
0.1784048080444336,0.08294010162353516,0.06403636932373047,0.009980440139770508
0.16267657279968262,0.07596564292907715,0.05543041229248047,0.017655134201049805
0.17731285095214844,0.06944823265075684,0.06250476837158203,0.03163647651672363
0.14670896530151367,0.07192349433898926,0.055484771728515625,0.008057594299316406
0.17419099807739258,0.062339067459106445,0.0538787841796875,0.014656305313110352
0.15945196151733398,0.06743097305297852,0.053524017333984375,0.022836923599243164
0.12618541717529297,0.06444668769836426,0.05661320686340332,-0.00494694709777832
0.12910819053649902,0.06645703315734863,0.053820133209228516,0.0058193206787109375
0.14676952362060547,0.0676567554473877,0.053227901458740234,0.0006875991821289062
0.14262676239013672,0.06466984748840332,0.06046772003173828,-0.00010085105895996094
0.17827510833740234,0.08322381973266602,0.05347394943237305,0.011734724044799805
0.1610405445098877,0.06496763229370117,0.05394577980041504,0.019908905029296875
0.13027596473693848,0.06642627716064453,0.05353689193725586,-0.0031282901763916016
0.16237258911132812,0.06495451927185059,0.05077862739562988,0.010947227478027344
0.13818645477294922,0.06520414352416992,0.05249524116516113,-0.004742860794067383
0.12610340118408203,0.06667304039001465,0.05630183219909668,-0.0062694549560546875
0.1448514461517334,0.06300759315490723,0.05220937728881836,0.022277116775512695
0.15053200721740723,0.06920933723449707,0.0531919002532959,0.0010042190551757812
0.1790602207183838,0.08846116065979004,0.05984354019165039,0.0007622241973876953
0.14639973640441895,0.07401895523071289,0.05499124526977539,-0.006165981292724609
0.15486407279968262,0.055600881576538086,0.0572967529296875,0.038001298904418945
0.1397244930267334,0.06631851196289062,0.0610194206237793,0.0068972110748291016
0.19568085670471191,0.11869478225708008,0.061263084411621094,0.012256622314453125
0.13758635520935059,0.0650792121887207,0.054039716720581055,0.0030927658081054688
0.14178943634033203,0.07455229759216309,0.05502653121948242,0.008302688598632812
0.1591651439666748,0.0647890567779541,0.05273771286010742,0.02349066734313965
0.12838482856750488,0.05909419059753418,0.05431056022644043,-0.0017933845520019531
0.18226861953735352,0.06861424446105957,0.052771806716918945,0.023738861083984375
0.14680695533752441,0.06981706619262695,0.053510189056396484,0.0015685558319091797
0.17592835426330566,0.06467962265014648,0.0597689151763916,0.0011320114135742188
0.16087794303894043,0.07325887680053711,0.05430889129638672,0.009175539016723633
0.1610708236694336,0.06836318969726562,0.05594897270202637,0.0169527530670166
0.1458141803741455,0.06810784339904785,0.05497455596923828,0.008259057998657227
0.14460968971252441,0.07212424278259277,0.05318188667297363,0.01623368263244629
0.14527678489685059,0.08617615699768066,0.05401468276977539,-0.004880666732788086
0.13089323043823242,0.0702047348022461,0.06208014488220215,-0.005353689193725586
0.13320112228393555,0.07164287567138672,0.05935311317443848,0.0002994537353515625
0.1197662353515625,0.06869149208068848,0.05404472351074219,-0.005468845367431641
0.14447855949401855,0.07038092613220215,0.05459141731262207,-0.004522562026977539
0.12717175483703613,0.06894493103027344,0.052574872970581055,0.004812955856323242
0.15958523750305176,0.07188653945922852,0.05562925338745117,0.011023759841918945
0.14234352111816406,0.07406735420227051,0.05458498001098633,0.002115011215209961
0.14216399192810059,0.07045459747314453,0.051702022552490234,0.009300470352172852
0.23969292640686035,0.08143782615661621,0.13098740577697754,0.00803828239440918
0.1791696548461914,0.06808161735534668,0.07355046272277832,0.01296234130859375
0.1754457950592041,0.06726336479187012,0.07236242294311523,-0.0019383430480957031
0.13292431831359863,0.06484079360961914,0.06901812553405762,-0.0030012130737304688
0.19405245780944824,0.06667685508728027,0.07360291481018066,0.014204740524291992
0.1758270263671875,0.06720137596130371,0.0694129467010498,0.021836042404174805
0.1421520709991455,0.045638084411621094,0.07326340675354004,0.008931636810302734
0.16225481033325195,0.06700563430786133,0.07497096061706543,-0.0008940696716308594
0.20922040939331055,0.06525897979736328,0.07163095474243164,0.004875898361206055
0.17673945426940918,0.06075930595397949,0.08146858215332031,0.018516063690185547
0.15866637229919434,0.06668925285339355,0.07406091690063477,0.0023679733276367188
0.1614377498626709,0.06747126579284668,0.07142376899719238,-0.003464937210083008
0.14862799644470215,0.06984639167785645,0.0805063247680664,-0.005090951919555664
0.1759045124053955,0.07976698875427246,0.07236170768737793,0.014878273010253906
0.16124367713928223,0.06906485557556152,0.07086849212646484,0.006603717803955078
0.17872381210327148,0.06566691398620605,0.08388710021972656,0.003895282745361328
0.14748120307922363,0.06524920463562012,0.0718994140625,-0.005810976028442383
0.15825676918029785,0.06506872177124023,0.0673985481262207,0.019036531448364258
0.2119617462158203,0.0692598819732666,0.07601785659790039,0.056725502014160156
0.15415239334106445,0.07056450843811035,0.06634759902954102,-0.005674123764038086
0.17870259284973145,0.04334425926208496,0.07314395904541016,0.00820302963256836
0.19275617599487305,0.0655829906463623,0.09046292304992676,0.01379251480102539
0.176116943359375,0.07255864143371582,0.07287001609802246,0.015943288803100586
0.1416008472442627,0.04824686050415039,0.07188582420349121,0.006474733352661133
0.17074084281921387,0.06588172912597656,0.07889318466186523,0.0007517337799072266
0.21053767204284668,0.0679023265838623,0.07425570487976074,0.02729487419128418
0.14351987838745117,0.047196388244628906,0.07283329963684082,0.01914834976196289
0.18272995948791504,0.09038519859313965,0.07072758674621582,0.017119407653808594
0.1687462329864502,0.07241988182067871,0.08365535736083984,-0.006251096725463867
0.17453575134277344,0.06529617309570312,0.09381961822509766,0.007958412170410156
0.1764054298400879,0.08432412147521973,0.07485342025756836,-0.004261016845703125
0.1588764190673828,0.07142758369445801,0.0699000358581543,0.016491174697875977
0.15230989456176758,0.0698707103729248,0.07264351844787598,-0.003468036651611328
0.17615866661071777,0.06785058975219727,0.07300853729248047,0.012501955032348633
0.15574407577514648,0.06579256057739258,0.06857895851135254,0.005877256393432617
0.16668152809143066,0.07143306732177734,0.06813907623291016,0.004219770431518555
0.17997193336486816,0.06814789772033691,0.06860780715942383,0.01196742057800293
0.17888545989990234,0.07102131843566895,0.07138848304748535,0.003008604049682617
0.18856501579284668,0.0706942081451416,0.07171773910522461,0.02024102210998535
0.1561906337738037,0.06956624984741211,0.06577396392822266,0.017902135848999023
0.17721796035766602,0.06336379051208496,0.06880426406860352,0.028621435165405273
0.17784571647644043,0.06769824028015137,0.07144594192504883,0.018845081329345703
0.17616510391235352,0.0835421085357666,0.06676340103149414,0.013585805892944336
0.16268515586853027,0.06879377365112305,0.07150721549987793,0.0051920413970947266
0.12967681884765625,0.06261491775512695,0.07196855545043945,-0.005860805511474609
0.16065406799316406,0.06430745124816895,0.0789937973022461,0.00919795036315918
0.1776890754699707,0.0726172924041748,0.07631468772888184,0.012666702270507812
0.1463007926940918,0.06464004516601562,0.07143473625183105,0.0033364295959472656
0.18119096755981445,0.08539962768554688,0.07161545753479004,-0.0037746429443359375
0.14672088623046875,0.06993865966796875,0.0719444751739502,0.001699686050415039
0.23692011833190918,0.05430722236633301,0.07481169700622559,0.0630345344543457
0.15563011169433594,0.06712627410888672,0.0693507194519043,0.009374618530273438
0.20890188217163086,0.06655550003051758,0.07042288780212402,0.020931482315063477
0.16832518577575684,0.0675811767578125,0.0733492374420166,0.011992216110229492
0.17091703414916992,0.07751154899597168,0.07280611991882324,0.002209901809692383
0.16599464416503906,0.07114219665527344,0.07181763648986816,-0.0051653385162353516
0.15842795372009277,0.0653848648071289,0.07064318656921387,0.013694286346435547
0.15982437133789062,0.07237029075622559,0.06256103515625,0.013445138931274414
0.17576384544372559,0.09706759452819824,0.056797027587890625,0.0037457942962646484
0.1438899040222168,0.06506490707397461,0.05736899375915527,0.007210254669189453
0.14599394798278809,0.05259990692138672,0.05713510513305664,0.01485586166381836
0.13355112075805664,0.06642270088195801,0.05373644828796387,-0.005957603454589844
0.13524436950683594,0.06783723831176758,0.057775020599365234,0.0024056434631347656
0.12207984924316406,0.06825923919677734,0.05575990676879883,-0.005259275436401367
0.18769097328186035,0.08583927154541016,0.0637352466583252,0.027694225311279297
0.13413453102111816,0.06436777114868164,0.0592951774597168,-0.0035750865936279297
0.15875744819641113,0.06246352195739746,0.05554819107055664,-0.006047248840332031
0.11284565925598145,0.05729842185974121,0.0535886287689209,-0.004759550094604492
0.14418721199035645,0.06126999855041504,0.05329179763793945,-0.002016305923461914
0.1953599452972412,0.09834504127502441,0.05382418632507324,0.01961350440979004
0.1747586727142334,0.06940793991088867,0.05388617515563965,-0.0011265277862548828
0.21001958847045898,0.07072734832763672,0.05564737319946289,0.03832101821899414
0.1301281452178955,0.056555986404418945,0.054546356201171875,0.013636112213134766
0.1732645034790039,0.059175968170166016,0.05440521240234375,0.022104740142822266
0.1288161277770996,0.06712508201599121,0.0572507381439209,-0.00579071044921875
0.13094568252563477,0.0719611644744873,0.0543820858001709,0.002726316452026367
0.17873263359069824,0.06673860549926758,0.05421161651611328,0.05706906318664551
0.11854839324951172,0.05075502395629883,0.05445981025695801,0.0059757232666015625
0.1594984531402588,0.04900383949279785,0.05231285095214844,0.009742498397827148
0.20839333534240723,0.11894631385803223,0.05693960189819336,0.01606464385986328
0.17375469207763672,0.06804656982421875,0.06802773475646973,0.02264714241027832
0.14662861824035645,0.0694737434387207,0.05689072608947754,0.00019049644470214844
0.13206863403320312,0.06869268417358398,0.06072187423706055,-0.0015559196472167969
0.16274285316467285,0.06339669227600098,0.05941891670227051,0.03648114204406738
0.13290643692016602,0.06662988662719727,0.054117441177368164,0.01123356819152832
0.1770331859588623,0.1016082763671875,0.059436798095703125,0.007700920104980469
0.14405536651611328,0.052298545837402344,0.06421399116516113,0.00648045539855957
0.1594839096069336,0.0639045238494873,0.059285879135131836,0.006523847579956055
0.1849071979522705,0.06615066528320312,0.05424642562866211,0.03910350799560547
0.1312255859375,0.06775116920471191,0.05169939994812012,-0.004135608673095703
0.1551971435546875,0.06646132469177246,0.05310773849487305,-0.0034830570220947266
0.21045827865600586,0.10676360130310059,0.06351757049560547,0.01782369613647461
0.15679049491882324,0.06746721267700195,0.05940389633178711,-0.005750417709350586
0.13968825340270996,0.06972551345825195,0.05453014373779297,0.010553598403930664
0.17413854598999023,0.07152295112609863,0.05666160583496094,0.014735221862792969
0.21410703659057617,0.07770562171936035,0.12395167350769043,-0.003412008285522461
0.2165060043334961,0.08132147789001465,0.08002376556396484,0.02364373207092285
0.16941261291503906,0.07067680358886719,0.07162165641784668,0.008531808853149414
0.17349720001220703,0.0831608772277832,0.07640671730041504,-0.0031452178955078125
0.14925408363342285,0.07327032089233398,0.0797891616821289,-0.004979848861694336
0.2079920768737793,0.07157206535339355,0.08038163185119629,0.03790736198425293
0.1593017578125,0.06538510322570801,0.07270240783691406,-0.003559589385986328
0.16134285926818848,0.10200762748718262,0.0568082332611084,0.001108407974243164
0.1875593662261963,0.07187366485595703,0.05598807334899902,0.03120255470275879
0.18600845336914062,0.12510156631469727,0.05437111854553223,0.004109621047973633
0.21120882034301758,0.05131983757019043,0.12343573570251465,-0.0016727447509765625
0.16808295249938965,0.06977725028991699,0.06970977783203125,-0.0015444755554199219
0.17618608474731445,0.07329726219177246,0.05479240417480469,0.012597322463989258
0.20767855644226074,0.12049365043640137,0.05655789375305176,0.015430450439453125
0.15607523918151855,0.06652951240539551,0.06592774391174316,0.012818336486816406
0.2112290859222412,0.06886649131774902,0.0573573112487793,0.035017967224121094
0.20744085311889648,0.14454317092895508,0.05555152893066406,0.006033420562744141
0.18010568618774414,0.06758284568786621,0.05764365196228027,0.013491630554199219
0.16069817543029785,0.07150745391845703,0.05855083465576172,0.015429496765136719
0.13163232803344727,0.07403230667114258,0.05395770072937012,-0.006314516067504883
0.14244437217712402,0.06870675086975098,0.051439762115478516,0.018429279327392578
0.1475391387939453,0.0712735652923584,0.05442547798156738,-0.00550389289855957
0.14119887351989746,0.0881795883178711,0.055060386657714844,-0.0035331249237060547
0.15808320045471191,0.07202649116516113,0.05539703369140625,0.00041174888610839844
0.15849590301513672,0.06515288352966309,0.054532766342163086,0.008425474166870117
0.14530587196350098,0.0640251636505127,0.0537261962890625,0.0038940906524658203
0.17725181579589844,0.1089639663696289,0.04932284355163574,0.015336275100708008
0.12770366668701172,0.06292104721069336,0.05351877212524414,-0.00584721565246582
0.12832307815551758,0.06568765640258789,0.05710339546203613,-0.002194643020629883
0.14412856101989746,0.06902575492858887,0.05818915367126465,0.015246391296386719
0.11635565757751465,0.05295395851135254,0.05448555946350098,-0.0048754215240478516
0.1302814483642578,0.06418895721435547,0.0534670352935791,0.0032105445861816406
0.16513609886169434,0.07476091384887695,0.056218624114990234,0.010353565216064453
0.17516040802001953,0.10343384742736816,0.05483746528625488,4.482269287109375e-05
0.1421947479248047,0.07405591011047363,0.05607438087463379,0.005285024642944336
0.145646333694458,0.04867243766784668,0.05341053009033203,0.015403032302856445
0.13708019256591797,0.06843781471252441,0.05629849433898926,-0.0037734508514404297
0.13294625282287598,0.07242941856384277,0.05531716346740723,0.0010712146759033203
0.17691636085510254,0.0757441520690918,0.05316329002380371,0.02154064178466797
0.1697216033935547,0.07557010650634766,0.0755150318145752,0.007000446319580078
0.17686128616333008,0.10181641578674316,0.05684161186218262,0.013269662857055664
0.2132892608642578,0.0695199966430664,0.13187170028686523,-0.005393505096435547
0.17713665962219238,0.06929492950439453,0.07251572608947754,0.014224052429199219
0.19415688514709473,0.07030224800109863,0.08636164665222168,0.022461652755737305
0.1763763427734375,0.07765054702758789,0.08198285102844238,0.013823270797729492
0.14400672912597656,0.06829071044921875,0.07271552085876465,0.0010368824005126953
0.18582892417907715,0.09275460243225098,0.07700538635253906,-0.005112886428833008
0.16587018966674805,0.07557272911071777,0.07521510124206543,0.00985407829284668
0.17075109481811523,0.07046318054199219,0.07572031021118164,0.00794672966003418
0.17452692985534668,0.07608795166015625,0.07660150527954102,-0.004464864730834961
0.1619269847869873,0.0690152645111084,0.07283282279968262,0.01546621322631836
0.17485952377319336,0.06505799293518066,0.07225513458251953,0.019556522369384766
0.14629507064819336,0.04946780204772949,0.07335901260375977,0.01241612434387207
0.17028021812438965,0.06691670417785645,0.07713174819946289,0.00307464599609375
0.18206787109375,0.07619500160217285,0.07724356651306152,0.002116680145263672
0.14357519149780273,0.06950950622558594,0.06818747520446777,-0.004098653793334961
0.1798849105834961,0.05639147758483887,0.06992268562316895,0.01990342140197754
0.13121533393859863,0.0759129524230957,0.057451486587524414,-0.006142854690551758
0.13003921508789062,0.0731804370880127,0.05814170837402344,-0.005220651626586914
0.12233734130859375,0.07158660888671875,0.05347704887390137,-0.005501270294189453
0.14722776412963867,0.07451081275939941,0.05537843704223633,-0.005867481231689453
0.17641925811767578,0.09064579010009766,0.056792497634887695,-0.0004444122314453125
0.1890733242034912,0.07837963104248047,0.05432558059692383,0.00477147102355957
0.14612531661987305,0.07221269607543945,0.05579495429992676,-0.001749277114868164
0.14664268493652344,0.06850886344909668,0.0551300048828125,0.004004478454589844
0.17480754852294922,0.08619523048400879,0.05374288558959961,0.0076601505279541016
0.1587965488433838,0.07317137718200684,0.05430722236633301,0.017423152923583984
0.13022780418395996,0.07522463798522949,0.055800676345825195,-0.005728483200073242
0.1917574405670166,0.07065200805664062,0.07000446319580078,0.0468440055847168
0.16811370849609375,0.07348203659057617,0.05373740196228027,0.0006165504455566406
0.188582181930542,0.08290410041809082,0.05250740051269531,-6.890296936035156e-05
0.1975088119506836,0.12551474571228027,0.05434894561767578,0.0009627342224121094
0.13368606567382812,0.04326629638671875,0.059693098068237305,0.002507925033569336
0.14400196075439453,0.0596921443939209,0.055587053298950195,0.025237321853637695
0.14836883544921875,0.09044575691223145,0.05547308921813965,-0.005830526351928711
0.16460943222045898,0.05914711952209473,0.055994510650634766,-0.005857229232788086
0.14803266525268555,0.05839395523071289,0.05573463439941406,0.0001983642578125
0.1390237808227539,0.060608863830566406,0.058263301849365234,-0.005639791488647461
0.14769983291625977,0.05865979194641113,0.06879949569702148,-0.0022957324981689453
0.13973331451416016,0.06416177749633789,0.05392050743103027,-0.0005087852478027344
0.11456012725830078,0.03954887390136719,0.05607414245605469,0.015600442886352539
0.15768980979919434,0.06859683990478516,0.05977010726928711,0.008759021759033203
0.20188117027282715,0.11191701889038086,0.06546616554260254,0.015073299407958984
0.1645803451538086,0.048813581466674805,0.05197429656982422,-0.0023093223571777344
0.24866676330566406,0.17932677268981934,0.05643773078918457,0.00869131088256836
0.1286144256591797,0.041285037994384766,0.053872108459472656,0.017357349395751953
0.18230962753295898,0.08892989158630371,0.05572032928466797,0.025053977966308594
0.18549513816833496,0.08381199836730957,0.054741859436035156,0.04193449020385742
0.1667468547821045,0.10372042655944824,0.05391979217529297,0.004198789596557617
0.15203309059143066,0.052980661392211914,0.05631899833679199,-0.0034034252166748047
0.11152148246765137,0.052434682846069336,0.05515146255493164,5.14984130859375e-05
0.12724757194519043,0.05912184715270996,0.05514192581176758,0.004547834396362305
0.13269662857055664,0.059845924377441406,0.0540008544921875,0.018093585968017578
0.1490027904510498,0.0477299690246582,0.05456805229187012,0.03932523727416992
0.1566464900970459,0.09852910041809082,0.05654406547546387,-0.0059108734130859375
0.2040553092956543,0.11822319030761719,0.05476808547973633,0.02860236167907715
0.10671424865722656,0.0531005859375,0.05320930480957031,-0.006777286529541016
0.20905685424804688,0.04541778564453125,0.05403923988342285,0.058442115783691406
0.15358328819274902,0.05261039733886719,0.03438138961791992,0.03459429740905762
0.11669158935546875,0.041605472564697266,0.054102420806884766,0.0029227733612060547
0.19910264015197754,0.12265729904174805,0.05622053146362305,0.017700910568237305
0.17208290100097656,0.0742039680480957,0.053673505783081055,0.04132080078125
0.13744020462036133,0.07380461692810059,0.054776906967163086,0.0013179779052734375
0.1446382999420166,0.046419620513916016,0.05404233932495117,-0.0060002803802490234
0.18517589569091797,0.12244415283203125,0.05293583869934082,-0.004495143890380859
0.13463997840881348,0.05826616287231445,0.05556917190551758,0.014916181564331055
0.13961291313171387,0.05341744422912598,0.060718536376953125,0.014089584350585938
0.12810683250427246,0.04776430130004883,0.05713963508605957,0.019975900650024414
0.20915627479553223,0.044347286224365234,0.13166546821594238,0.030067920684814453
0.1740710735321045,0.06263113021850586,0.07580232620239258,0.01793193817138672
0.17805171012878418,0.08518123626708984,0.07077479362487793,0.009041547775268555
0.15972566604614258,0.0724020004272461,0.07343888282775879,-0.004039287567138672
0.1444845199584961,0.06676745414733887,0.07421755790710449,0.00128173828125
0.20553874969482422,0.06933164596557617,0.07600927352905273,0.015378475189208984
0.15859770774841309,0.06702494621276855,0.07758927345275879,0.0017588138580322266
0.1824188232421875,0.08868765830993652,0.08870506286621094,-0.0024361610412597656
0.14495205879211426,0.053690195083618164,0.07379889488220215,0.016361713409423828
0.16279029846191406,0.08150458335876465,0.07428693771362305,0.005065441131591797
0.19609808921813965,0.11053895950317383,0.07437372207641602,-0.006246328353881836
0.14689898490905762,0.06929731369018555,0.07066941261291504,0.0017743110656738281
0.15413284301757812,0.0800025463104248,0.07591605186462402,-0.0060176849365234375
0.15883803367614746,0.07437467575073242,0.07493877410888672,0.004889726638793945
0.17382431030273438,0.07184314727783203,0.07963371276855469,-5.793571472167969e-05
0.18100428581237793,0.08061695098876953,0.07355093955993652,-0.005549430847167969
0.19698166847229004,0.09456801414489746,0.07167863845825195,0.013243913650512695
0.23810195922851562,0.0816507339477539,0.07856631278991699,0.009549140930175781
0.14397335052490234,0.07128620147705078,0.07314085960388184,-0.001567840576171875
0.2088179588317871,0.0813148021697998,0.07317519187927246,0.0188751220703125
0.15953731536865234,0.06772804260253906,0.07185506820678711,0.006857395172119141
0.17505908012390137,0.0700984001159668,0.0720062255859375,0.01226496696472168
